x,y
0.0000000000,1.7962429469
0.0010001000,0.9064096704
0.0020002000,2.4658951503
0.0030003000,1.9032585956
0.0040004000,2.2153183572
0.0050005001,2.7246634913
0.0060006001,3.3204856349
0.0070007001,1.3649895707
0.0080008001,1.6647842122
0.0090009001,1.1273775582
0.0100010001,1.8889907724
0.0110011001,0.7725981008
0.0120012001,0.7519411741
0.0130013001,1.0821475478
0.0140014001,1.1427705827
0.0150015002,3.1411446041
0.0160016002,3.1217481012
0.0170017002,0.9581839879
0.0180018002,1.6978249939
0.0190019002,0.8358258754
0.0200020002,1.4929298594
0.0210021002,2.8009401831
0.0220022002,2.5810699906
0.0230023002,0.4769196825
0.0240024002,1.4905114894
0.0250025003,2.4341151078
0.0260026003,2.4110657755
0.0270027003,2.4798291283
0.0280028003,1.9563601000
0.0290029003,3.2118683353
0.0300030003,1.8531575265
0.0310031003,1.7548934851
0.0320032003,1.2873322862
0.0330033003,2.7152104178
0.0340034003,2.4987531311
0.0350035004,1.7718337606
0.0360036004,3.7632816845
0.0370037004,3.0966655305
0.0380038004,3.7970485974
0.0390039004,2.2377185278
0.0400040004,1.1262390529
0.0410041004,1.9976521448
0.0420042004,2.0014321001
0.0430043004,1.9243357922
0.0440044004,1.0747890457
0.0450045005,1.0315307106
0.0460046005,3.2468275631
0.0470047005,1.7147681303
0.0480048005,1.3830423908
0.0490049005,3.7293404796
0.0500050005,1.1112244598
0.0510051005,2.5285784759
0.0520052005,1.0777650749
0.0530053005,1.2991827379
0.0540054005,3.1936621376
0.0550055006,2.0760484148
0.0560056006,2.8740976250
0.0570057006,2.6343744753
0.0580058006,0.4471319692
0.0590059006,4.8734659603
0.0600060006,2.7295337470
0.0610061006,1.8337717572
0.0620062006,0.9296701856
0.0630063006,2.2709625642
0.0640064006,1.5621925320
0.0650065007,1.4771282658
0.0660066007,3.0637609864
0.0670067007,3.6865511991
0.0680068007,0.6681117284
0.0690069007,2.0391721574
0.0700070007,3.0301870872
0.0710071007,1.1490008757
0.0720072007,2.0683539284
0.0730073007,2.4392972119
0.0740074007,2.2323717635
0.0750075008,2.8301146469
0.0760076008,3.1410307551
0.0770077008,4.4268629171
0.0780078008,1.8969421504
0.0790079008,1.3901678598
0.0800080008,1.8024620531
0.0810081008,2.9029633450
0.0820082008,3.7025145233
0.0830083008,1.3704117052
0.0840084008,2.7582778129
0.0850085009,0.8231942692
0.0860086009,0.5075437463
0.0870087009,4.7895946524
0.0880088009,1.0550623529
0.0890089009,1.6157096672
0.0900090009,0.9163390389
0.0910091009,1.8293186747
0.0920092009,2.7726895389
0.0930093009,1.0290242548
0.0940094009,1.9974605258
0.0950095010,3.0960084759
0.0960096010,3.0786133949
0.0970097010,2.7977960976
0.0980098010,2.9214028209
0.0990099010,2.8260181624
0.1000100010,2.8231898836
0.1010101010,2.9132418021
0.1020102010,2.2524407870
0.1030103010,1.5502939597
0.1040104010,2.8249098918
0.1050105011,2.7176580012
0.1060106011,1.2656212942
0.1070107011,2.8701201906
0.1080108011,1.5918952621
0.1090109011,4.7107166274
0.1100110011,2.7066060633
0.1110111011,2.5425997544
0.1120112011,3.1713141913
0.1130113011,1.8362656203
0.1140114011,3.0730433128
0.1150115012,2.9788466626
0.1160116012,3.6957493654
0.1170117012,3.2733041157
0.1180118012,2.2636008900
0.1190119012,4.1284104794
0.1200120012,2.6642094646
0.1210121012,2.4591688995
0.1220122012,3.7354178110
0.1230123012,2.3677652815
0.1240124012,2.3215717414
0.1250125013,2.1262368204
0.1260126013,3.9340084408
0.1270127013,0.7677673140
0.1280128013,1.0377454520
0.1290129013,2.3359072239
0.1300130013,2.7957014912
0.1310131013,1.2176555277
0.1320132013,3.7479966634
0.1330133013,4.5014134016
0.1340134013,1.5685617012
0.1350135014,3.5358748349
0.1360136014,2.1110761885
0.1370137014,2.5160291142
0.1380138014,3.3301379406
0.1390139014,2.6596422854
0.1400140014,3.7654563455
0.1410141014,0.8311414839
0.1420142014,1.4076875174
0.1430143014,1.6809759926
0.1440144014,2.6908085685
0.1450145015,3.1231829923
0.1460146015,3.3096646740
0.1470147015,3.3211516055
0.1480148015,0.2806507873
0.1490149015,3.3279347870
0.1500150015,1.2556599267
0.1510151015,2.8083034471
0.1520152015,2.3781369964
0.1530153015,2.1232934710
0.1540154015,2.8984498385
0.1550155016,3.9063442415
0.1560156016,1.0092678152
0.1570157016,4.3335345203
0.1580158016,2.3264681844
0.1590159016,2.3419015724
0.1600160016,1.4785485040
0.1610161016,3.0014864104
0.1620162016,1.2343088344
0.1630163016,2.0059210818
0.1640164016,1.6672000154
0.1650165017,2.5054313293
0.1660166017,2.0007102482
0.1670167017,1.3637170223
0.1680168017,3.1248423856
0.1690169017,2.2763152001
0.1700170017,2.5833146477
0.1710171017,2.4260473264
0.1720172017,3.9527069330
0.1730173017,1.2853032256
0.1740174017,1.5433978600
0.1750175018,2.6371841489
0.1760176018,2.8771463661
0.1770177018,3.6757933657
0.1780178018,2.4624867688
0.1790179018,2.3997598591
0.1800180018,3.2817158393
0.1810181018,3.0393013018
0.1820182018,2.9385866759
0.1830183018,4.5040644250
0.1840184018,1.9131300342
0.1850185019,1.4080709186
0.1860186019,2.9341097199
0.1870187019,1.0103768560
0.1880188019,2.0253341088
0.1890189019,2.2712729593
0.1900190019,1.5270952422
0.1910191019,2.0190360901
0.1920192019,2.8724158112
0.1930193019,3.5068992333
0.1940194019,2.1691713922
0.1950195020,1.4447937006
0.1960196020,3.8894043036
0.1970197020,3.0336073382
0.1980198020,2.2679028642
0.1990199020,3.7025357988
0.2000200020,3.2827932693
0.2010201020,2.7542569007
0.2020202020,2.5582062022
0.2030203020,1.7628146451
0.2040204020,2.4958262038
0.2050205021,2.5005765731
0.2060206021,2.4375978506
0.2070207021,2.8499597289
0.2080208021,1.2830900019
0.2090209021,1.9362961358
0.2100210021,4.1518622849
0.2110211021,3.3323163321
0.2120212021,1.9442100420
0.2130213021,2.5125478341
0.2140214021,2.8148415320
0.2150215022,2.5563164181
0.2160216022,1.9935421416
0.2170217022,1.7955378777
0.2180218022,0.9763189450
0.2190219022,3.4174664883
0.2200220022,1.4497714622
0.2210221022,2.0753018088
0.2220222022,2.7555399127
0.2230223022,2.5473074459
0.2240224022,3.0907196532
0.2250225023,1.5408959565
0.2260226023,2.6740635144
0.2270227023,2.1366874287
0.2280228023,2.5650856836
0.2290229023,3.2043500292
0.2300230023,4.5239560746
0.2310231023,3.1393653432
0.2320232023,3.7035630119
0.2330233023,3.0102669086
0.2340234023,3.2272918519
0.2350235024,3.3336183694
0.2360236024,3.5232410766
0.2370237024,2.3607319934
0.2380238024,1.8677050216
0.2390239024,4.8835369779
0.2400240024,2.8796132914
0.2410241024,0.8657490159
0.2420242024,3.2900069209
0.2430243024,2.0010639830
0.2440244024,3.6615970520
0.2450245025,3.2187112594
0.2460246025,2.2722918184
0.2470247025,1.9234380162
0.2480248025,2.9845979226
0.2490249025,5.3591884907
0.2500250025,3.6096339472
0.2510251025,2.5190112859
0.2520252025,3.3000296261
0.2530253025,2.3461578623
0.2540254025,2.3444397342
0.2550255026,1.6843242505
0.2560256026,3.4527703371
0.2570257026,4.6243573399
0.2580258026,0.8836917470
0.2590259026,3.0276668904
0.2600260026,0.7992101547
0.2610261026,2.6561455460
0.2620262026,3.2289619412
0.2630263026,3.6557615506
0.2640264026,2.4344039672
0.2650265027,3.8056834422
0.2660266027,4.3693771561
0.2670267027,1.6679855672
0.2680268027,3.0566057390
0.2690269027,3.6424269880
0.2700270027,3.9690002572
0.2710271027,3.1134855605
0.2720272027,2.6287432196
0.2730273027,3.3057383627
0.2740274027,4.0488669265
0.2750275028,4.1530979904
0.2760276028,2.5444356744
0.2770277028,1.0420085608
0.2780278028,2.2441598860
0.2790279028,2.2748095839
0.2800280028,2.6652362702
0.2810281028,2.6916061493
0.2820282028,2.8154615779
0.2830283028,2.4863041737
0.2840284028,3.0680708126
0.2850285029,0.9256519438
0.2860286029,2.1247244308
0.2870287029,3.3480300049
0.2880288029,2.8817455767
0.2890289029,2.8252816037
0.2900290029,3.1199570802
0.2910291029,3.1646363294
0.2920292029,2.2924241492
0.2930293029,1.2579768170
0.2940294029,4.3082623673
0.2950295030,2.2736554208
0.2960296030,3.5923554876
0.2970297030,2.2507203080
0.2980298030,1.0560441389
0.2990299030,2.7975658147
0.3000300030,2.7994449556
0.3010301030,3.6352382107
0.3020302030,1.8517586147
0.3030303030,3.3402690377
0.3040304030,3.9061711369
0.3050305031,2.8819888905
0.3060306031,2.9091605284
0.3070307031,2.4306361609
0.3080308031,4.8196715378
0.3090309031,2.7087421516
0.3100310031,3.3727006752
0.3110311031,3.9881129517
0.3120312031,3.3562241412
0.3130313031,3.5739004792
0.3140314031,3.2367038107
0.3150315032,3.4215422103
0.3160316032,2.4993550272
0.3170317032,2.5378881133
0.3180318032,2.9947794934
0.3190319032,4.1286697060
0.3200320032,1.3067262607
0.3210321032,2.3185951065
0.3220322032,4.7819031785
0.3230323032,5.0168296685
0.3240324032,2.2888067915
0.3250325033,3.2716719670
0.3260326033,1.0988593177
0.3270327033,4.9089522420
0.3280328033,4.4664961172
0.3290329033,2.6131145116
0.3300330033,2.9237241229
0.3310331033,2.9111968376
0.3320332033,1.5285029733
0.3330333033,2.4225413477
0.3340334033,3.5116879560
0.3350335034,3.3275492587
0.3360336034,3.9215266552
0.3370337034,2.3049177246
0.3380338034,3.6118499445
0.3390339034,4.7342089438
0.3400340034,4.3981170210
0.3410341034,1.7017486465
0.3420342034,5.3908854536
0.3430343034,4.4269855954
0.3440344034,3.2452606141
0.3450345035,3.2173233261
0.3460346035,2.7685766571
0.3470347035,2.4767417351
0.3480348035,4.1541693028
0.3490349035,3.3549843706
0.3500350035,2.2211518638
0.3510351035,2.4284335164
0.3520352035,3.1681329846
0.3530353035,3.2520014694
0.3540354035,3.3521645436
0.3550355036,4.0371242019
0.3560356036,4.6267381044
0.3570357036,2.9394299296
0.3580358036,4.5919786953
0.3590359036,2.5712771367
0.3600360036,2.9868442709
0.3610361036,2.9117553340
0.3620362036,1.7825259832
0.3630363036,3.0049417925
0.3640364036,1.7767060447
0.3650365037,3.3201754252
0.3660366037,2.7938671717
0.3670367037,3.0586014563
0.3680368037,3.8020220953
0.3690369037,3.2454324702
0.3700370037,3.5570150580
0.3710371037,2.4706205631
0.3720372037,4.7243983259
0.3730373037,2.9417510519
0.3740374037,4.9898569951
0.3750375038,1.5517553437
0.3760376038,1.1025172727
0.3770377038,3.6931683491
0.3780378038,3.9124528301
0.3790379038,4.4903987090
0.3800380038,2.1376091694
0.3810381038,3.1165062086
0.3820382038,3.4149425566
0.3830383038,3.8439566911
0.3840384038,3.1906262965
0.3850385039,4.7304741973
0.3860386039,3.3907255095
0.3870387039,1.7710685757
0.3880388039,4.2626319457
0.3890389039,4.3536208573
0.3900390039,1.9373656044
0.3910391039,4.7700667162
0.3920392039,3.8331280481
0.3930393039,2.2613738519
0.3940394039,2.7133716766
0.3950395040,2.8900521881
0.3960396040,3.7596594946
0.3970397040,2.9927387667
0.3980398040,4.0975380447
0.3990399040,3.1438872574
0.4000400040,4.2166174470
0.4010401040,2.7791615795
0.4020402040,0.9801176461
0.4030403040,3.5556655537
0.4040404040,3.3595822740
0.4050405041,1.5306005658
0.4060406041,4.2001270720
0.4070407041,2.4721101625
0.4080408041,4.1533557654
0.4090409041,4.4966076364
0.4100410041,3.1379021976
0.4110411041,2.5604772959
0.4120412041,4.5310487459
0.4130413041,1.2153577448
0.4140414041,4.6189948619
0.4150415042,4.2136401155
0.4160416042,3.5658029386
0.4170417042,2.7198731046
0.4180418042,4.1890749919
0.4190419042,5.3109676105
0.4200420042,2.7660693751
0.4210421042,3.1864605652
0.4220422042,3.5392496019
0.4230423042,5.8042733800
0.4240424042,4.0218148059
0.4250425043,2.7388170687
0.4260426043,3.6974379115
0.4270427043,2.4958196042
0.4280428043,2.8549136697
0.4290429043,4.3369594061
0.4300430043,2.7053290828
0.4310431043,2.4144226540
0.4320432043,3.3565664753
0.4330433043,3.4220454770
0.4340434043,2.8689757897
0.4350435044,2.9214810643
0.4360436044,3.3745523915
0.4370437044,4.2180913140
0.4380438044,4.1099901846
0.4390439044,3.2519750436
0.4400440044,3.6830478274
0.4410441044,3.0885964803
0.4420442044,3.5136233938
0.4430443044,3.6702941490
0.4440444044,3.6308559397
0.4450445045,3.2402481730
0.4460446045,3.0677069181
0.4470447045,2.9772653978
0.4480448045,3.2347889324
0.4490449045,2.0153494254
0.4500450045,2.1231925710
0.4510451045,4.1321477093
0.4520452045,4.4603965179
0.4530453045,2.0804794506
0.4540454045,2.9078380819
0.4550455046,4.0306378401
0.4560456046,1.8505881285
0.4570457046,2.3851815719
0.4580458046,3.4939645848
0.4590459046,2.5504591539
0.4600460046,0.7944473734
0.4610461046,4.0415812515
0.4620462046,4.0757642736
0.4630463046,2.9577188134
0.4640464046,4.8321475182
0.4650465047,5.4135591182
0.4660466047,3.3876554310
0.4670467047,2.5727226390
0.4680468047,2.8956889571
0.4690469047,2.8193326476
0.4700470047,4.6645943193
0.4710471047,3.6974343159
0.4720472047,3.1463065604
0.4730473047,2.5911922176
0.4740474047,1.7325431412
0.4750475048,2.6846553796
0.4760476048,4.9820374487
0.4770477048,1.3494819445
0.4780478048,2.2243155678
0.4790479048,3.2047073279
0.4800480048,2.8422911502
0.4810481048,3.2816729676
0.4820482048,4.4569620725
0.4830483048,2.4860237513
0.4840484048,2.9378728364
0.4850485049,4.3395818411
0.4860486049,3.2797288184
0.4870487049,1.9580964370
0.4880488049,4.3704299232
0.4890489049,1.7309677295
0.4900490049,2.2846819943
0.4910491049,2.9519819935
0.4920492049,3.0920175973
0.4930493049,5.5906245131
0.4940494049,3.4216883455
0.4950495050,4.6752786705
0.4960496050,3.2069653008
0.4970497050,4.2059259747
0.4980498050,3.8760545838
0.4990499050,3.0645128455
0.5000500050,2.0222413046
0.5010501050,6.9053086459
0.5020502050,3.5061026886
0.5030503050,3.3861931860
0.5040504050,3.7728707075
0.5050505051,3.6631263540
0.5060506051,3.6914461103
0.5070507051,2.3538988684
0.5080508051,4.6805491046
0.5090509051,2.6022156262
0.5100510051,4.3396331706
0.5110511051,3.3089790066
0.5120512051,2.8060349122
0.5130513051,4.8129635996
0.5140514051,5.1591848327
0.5150515052,2.5010232627
0.5160516052,2.2953838704
0.5170517052,3.0596146515
0.5180518052,4.5920767854
0.5190519052,3.9364648397
0.5200520052,4.8937036264
0.5210521052,1.7711348909
0.5220522052,5.4647792130
0.5230523052,4.1309387208
0.5240524052,3.7250671841
0.5250525053,3.9968549243
0.5260526053,4.9510150069
0.5270527053,3.2824784127
0.5280528053,2.1046730037
0.5290529053,5.2312653612
0.5300530053,3.7386263691
0.5310531053,4.0078117069
0.5320532053,3.8464219856
0.5330533053,2.8938084614
0.5340534053,2.2104578974
0.5350535054,3.4835075524
0.5360536054,4.3513074361
0.5370537054,1.7407745075
0.5380538054,4.1925085858
0.5390539054,4.3155143804
0.5400540054,4.3478036844
0.5410541054,4.1410953077
0.5420542054,2.7866684994
0.5430543054,4.0922150873
0.5440544054,4.9367495012
0.5450545055,3.5614940530
0.5460546055,2.4354285016
0.5470547055,1.9665628403
0.5480548055,5.2694148532
0.5490549055,3.6866538387
0.5500550055,2.0689755848
0.5510551055,3.9107899075
0.5520552055,5.2301693334
0.5530553055,4.7596413030
0.5540554055,3.6944836322
0.5550555056,2.5584675508
0.5560556056,4.3413509902
0.5570557056,3.7861226798
0.5580558056,3.4881043496
0.5590559056,3.8278829708
0.5600560056,6.6930810258
0.5610561056,2.8764103235
0.5620562056,3.9482685583
0.5630563056,2.5163002801
0.5640564056,3.5457225284
0.5650565057,4.5744592607
0.5660566057,2.9849246575
0.5670567057,4.8340602060
0.5680568057,4.2821930907
0.5690569057,3.3025740684
0.5700570057,3.3167819635
0.5710571057,2.4615286115
0.5720572057,2.8134036050
0.5730573057,5.2053468194
0.5740574057,4.0058834307
0.5750575058,2.9770941188
0.5760576058,4.2820417250
0.5770577058,5.5589755798
0.5780578058,4.0009118412
0.5790579058,4.5626140815
0.5800580058,3.9396639545
0.5810581058,4.6411749153
0.5820582058,3.0302333117
0.5830583058,4.0953186058
0.5840584058,3.5522840066
0.5850585059,5.6906003655
0.5860586059,2.5404645216
0.5870587059,5.3198851725
0.5880588059,4.8193411064
0.5890589059,3.8910295162
0.5900590059,3.0900543595
0.5910591059,4.0940938010
0.5920592059,2.7242492074
0.5930593059,3.1801067979
0.5940594059,5.0950010399
0.5950595060,4.2729115154
0.5960596060,5.5196339762
0.5970597060,4.7121963251
0.5980598060,2.5268869815
0.5990599060,4.1842099875
0.6000600060,4.0175890856
0.6010601060,4.6017470545
0.6020602060,4.4094511225
0.6030603060,4.0182993612
0.6040604060,4.4535159828
0.6050605061,4.7804297935
0.6060606061,2.7039630353
0.6070607061,2.2998862330
0.6080608061,4.6113640532
0.6090609061,3.9653542808
0.6100610061,4.6001480123
0.6110611061,4.7720820525
0.6120612061,4.4919531822
0.6130613061,3.4223920614
0.6140614061,2.7458157724
0.6150615062,4.2366149349
0.6160616062,4.0319811389
0.6170617062,1.5072325316
0.6180618062,3.3859111864
0.6190619062,4.6684516920
0.6200620062,2.6681833685
0.6210621062,4.9832293461
0.6220622062,3.8738261826
0.6230623062,3.9840130681
0.6240624062,2.5636861891
0.6250625063,3.9785144291
0.6260626063,3.7153010819
0.6270627063,3.3412841555
0.6280628063,2.6898979082
0.6290629063,3.4907860497
0.6300630063,2.6687063564
0.6310631063,3.1601001002
0.6320632063,2.0319983943
0.6330633063,4.5290623400
0.6340634063,4.9412578390
0.6350635064,5.5762939139
0.6360636064,3.8038302379
0.6370637064,3.3112394091
0.6380638064,3.9547636511
0.6390639064,2.3390921299
0.6400640064,4.5280247898
0.6410641064,2.4160336662
0.6420642064,3.2192113919
0.6430643064,4.8657167112
0.6440644064,2.4742476760
0.6450645065,5.1567589075
0.6460646065,3.8606068537
0.6470647065,5.1542483817
0.6480648065,3.7879299085
0.6490649065,5.9124004831
0.6500650065,3.4256890883
0.6510651065,3.2273450822
0.6520652065,3.3360607567
0.6530653065,4.5043624279
0.6540654065,1.3574993744
0.6550655066,3.5678038856
0.6560656066,4.0084962365
0.6570657066,5.1078927629
0.6580658066,5.2480999365
0.6590659066,3.2097825221
0.6600660066,1.9782115276
0.6610661066,2.6863489748
0.6620662066,4.6863067845
0.6630663066,5.0801132765
0.6640664066,4.2805908622
0.6650665067,3.9288871193
0.6660666067,5.6405841548
0.6670667067,3.3355329492
0.6680668067,6.4170292306
0.6690669067,4.9168656180
0.6700670067,2.4938193747
0.6710671067,4.7475630824
0.6720672067,4.0383077776
0.6730673067,5.0557614493
0.6740674067,4.6986081139
0.6750675068,3.8274768717
0.6760676068,4.6910621691
0.6770677068,4.5128864142
0.6780678068,3.7620938170
0.6790679068,4.7715352542
0.6800680068,6.8817028096
0.6810681068,4.4791405131
0.6820682068,3.2335809404
0.6830683068,3.8754568620
0.6840684068,4.7023179981
0.6850685069,3.5571146298
0.6860686069,4.1820327453
0.6870687069,4.7918002404
0.6880688069,4.4910873868
0.6890689069,4.6704257482
0.6900690069,5.8699557329
0.6910691069,4.2859894915
0.6920692069,3.9346650685
0.6930693069,3.2587518676
0.6940694069,4.9228821166
0.6950695070,5.4553589284
0.6960696070,4.1982129246
0.6970697070,4.4694463969
0.6980698070,2.7479766891
0.6990699070,3.0862121262
0.7000700070,5.5027018535
0.7010701070,5.8076706897
0.7020702070,4.3092523977
0.7030703070,3.5779345819
0.7040704070,4.7063494564
0.7050705071,2.0501360053
0.7060706071,3.8805485951
0.7070707071,5.6982219210
0.7080708071,2.9250370657
0.7090709071,6.6549441817
0.7100710071,3.0080057283
0.7110711071,2.6374298549
0.7120712071,3.5512194191
0.7130713071,5.2428722798
0.7140714071,5.2907238882
0.7150715072,4.4943182591
0.7160716072,3.4583956836
0.7170717072,5.1991680342
0.7180718072,5.9372864183
0.7190719072,4.6040442893
0.7200720072,5.4847848582
0.7210721072,2.6370197909
0.7220722072,2.7169715229
0.7230723072,4.0211034414
0.7240724072,3.0133143019
0.7250725073,5.9302056732
0.7260726073,4.7664275436
0.7270727073,4.7640858854
0.7280728073,4.7521173092
0.7290729073,5.0804684571
0.7300730073,3.1604741538
0.7310731073,4.3887546348
0.7320732073,4.6548587734
0.7330733073,5.1616232925
0.7340734073,3.8474616000
0.7350735074,3.8504890514
0.7360736074,4.8452741939
0.7370737074,3.5425837897
0.7380738074,5.1401638314
0.7390739074,5.2275052246
0.7400740074,5.6726762816
0.7410741074,4.1441064177
0.7420742074,5.1655004497
0.7430743074,5.9514326448
0.7440744074,3.3287707323
0.7450745075,3.2603696515
0.7460746075,5.3941117784
0.7470747075,4.4438195720
0.7480748075,5.3874223545
0.7490749075,4.8045756150
0.7500750075,5.0349147960
0.7510751075,2.7704564138
0.7520752075,4.1024762729
0.7530753075,5.0172561235
0.7540754075,4.2395863689
0.7550755076,5.0264422629
0.7560756076,2.6924211304
0.7570757076,2.9162863195
0.7580758076,3.5911261147
0.7590759076,6.7379010129
0.7600760076,4.0368921869
0.7610761076,6.0904693788
0.7620762076,5.1089814417
0.7630763076,4.6651204754
0.7640764076,5.1806027255
0.7650765077,3.7672391513
0.7660766077,4.4046359730
0.7670767077,3.5065602636
0.7680768077,3.6882275244
0.7690769077,6.7058255982
0.7700770077,4.7342033694
0.7710771077,4.6351423078
0.7720772077,3.1765079257
0.7730773077,4.0751818379
0.7740774077,5.2763201875
0.7750775078,6.4792952336
0.7760776078,3.5947800612
0.7770777078,3.5489359290
0.7780778078,3.7936040678
0.7790779078,3.8291070413
0.7800780078,4.4304609447
0.7810781078,4.0396226912
0.7820782078,4.4046212597
0.7830783078,3.0288105795
0.7840784078,5.7952798145
0.7850785079,5.4591497615
0.7860786079,6.0074995146
0.7870787079,2.7782311149
0.7880788079,3.7996667390
0.7890789079,4.5130113347
0.7900790079,5.0675419444
0.7910791079,2.5459539802
0.7920792079,4.9419069620
0.7930793079,3.5070492038
0.7940794079,3.1502558554
0.7950795080,4.5878706086
0.7960796080,2.4565235349
0.7970797080,5.3770734211
0.7980798080,4.1031624315
0.7990799080,5.2532085219
0.8000800080,4.8096825670
0.8010801080,3.9155324686
0.8020802080,5.6446002658
0.8030803080,3.1344394305
0.8040804080,3.8430282614
0.8050805081,3.5776589843
0.8060806081,4.4224003679
0.8070807081,4.4000239452
0.8080808081,4.4532863094
0.8090809081,4.5831379695
0.8100810081,3.9316955848
0.8110811081,5.3475910352
0.8120812081,5.2639514224
0.8130813081,6.0232614176
0.8140814081,4.9314522767
0.8150815082,4.4555301548
0.8160816082,5.6201920440
0.8170817082,4.8459198805
0.8180818082,4.5695654004
0.8190819082,6.4808418593
0.8200820082,4.1392557997
0.8210821082,4.4369779525
0.8220822082,3.9344904452
0.8230823082,4.5593652009
0.8240824082,3.6300930793
0.8250825083,4.9819848371
0.8260826083,4.0143934350
0.8270827083,5.4641025706
0.8280828083,4.3862544485
0.8290829083,4.5878882249
0.8300830083,5.8864365454
0.8310831083,3.3348055525
0.8320832083,3.2025295113
0.8330833083,3.1167993557
0.8340834083,4.1636741794
0.8350835084,5.3284828575
0.8360836084,4.0865126402
0.8370837084,3.7008355841
0.8380838084,4.3074119396
0.8390839084,4.9034377893
0.8400840084,3.7786486968
0.8410841084,3.6136531631
0.8420842084,5.0544715072
0.8430843084,4.9382849055
0.8440844084,3.9206861154
0.8450845085,4.8225189468
0.8460846085,4.5116745610
0.8470847085,4.0588648307
0.8480848085,3.4093012451
0.8490849085,5.2593327664
0.8500850085,4.3777593659
0.8510851085,3.4865995477
0.8520852085,5.3330677862
0.8530853085,4.3731999116
0.8540854085,7.8006292886
0.8550855086,3.8945961802
0.8560856086,3.9920453593
0.8570857086,5.4175527847
0.8580858086,5.0415626694
0.8590859086,3.8844326446
0.8600860086,3.1608000362
0.8610861086,3.7177849542
0.8620862086,5.8918355881
0.8630863086,4.6330062631
0.8640864086,5.5245178796
0.8650865087,3.8367257538
0.8660866087,6.0873614485
0.8670867087,4.8445795958
0.8680868087,3.3109355009
0.8690869087,3.8099940757
0.8700870087,4.8272953311
0.8710871087,7.3735568175
0.8720872087,4.6732134883
0.8730873087,4.6719168229
0.8740874087,5.3598517984
0.8750875088,2.7822299577
0.8760876088,6.6199477632
0.8770877088,4.7447951676
0.8780878088,3.5428401082
0.8790879088,5.2880769697
0.8800880088,3.7421277400
0.8810881088,6.5882060801
0.8820882088,3.7362393625
0.8830883088,5.0231857389
0.8840884088,3.5429485424
0.8850885089,3.7816565503
0.8860886089,5.7884891524
0.8870887089,5.2706979927
0.8880888089,5.3090454480
0.8890889089,4.2694603303
0.8900890089,4.9450181396
0.8910891089,5.1450333673
0.8920892089,5.9455536832
0.8930893089,5.3400615841
0.8940894089,3.2048171255
0.8950895090,6.0682866433
0.8960896090,4.2591442045
0.8970897090,4.3621583192
0.8980898090,3.6328989546
0.8990899090,5.8089754611
0.9000900090,3.8394187670
0.9010901090,6.0864800616
0.9020902090,5.9105279753
0.9030903090,4.5018156951
0.9040904090,4.9137250720
0.9050905091,4.4667220858
0.9060906091,4.7006755841
0.9070907091,5.1156880950
0.9080908091,5.3899991240
0.9090909091,4.0692669234
0.9100910091,6.4844377230
0.9110911091,5.5462441088
0.9120912091,4.9274909134
0.9130913091,1.6306893738
0.9140914091,5.8177519970
0.9150915092,3.5417246148
0.9160916092,3.6983264045
0.9170917092,6.2788524457
0.9180918092,5.1469509836
0.9190919092,3.9382244406
0.9200920092,6.1283029163
0.9210921092,7.6004373315
0.9220922092,5.5426394191
0.9230923092,4.2396296689
0.9240924092,2.6312823320
0.9250925093,4.9023051703
0.9260926093,4.9961577027
0.9270927093,2.8825508998
0.9280928093,4.0180253525
0.9290929093,6.2472651456
0.9300930093,5.6984123230
0.9310931093,5.1005661586
0.9320932093,7.3072828761
0.9330933093,6.7442839526
0.9340934093,5.2578323812
0.9350935094,5.9848144015
0.9360936094,4.3072418521
0.9370937094,4.6126047703
0.9380938094,4.9777419558
0.9390939094,6.3596764622
0.9400940094,4.2759352574
0.9410941094,3.6156766970
0.9420942094,4.4283085288
0.9430943094,5.2856165296
0.9440944094,4.2315559112
0.9450945095,5.7187484667
0.9460946095,5.0450426354
0.9470947095,5.5043379037
0.9480948095,4.9561940626
0.9490949095,4.5008171422
0.9500950095,4.8681458284
0.9510951095,2.6052970324
0.9520952095,6.8192692128
0.9530953095,4.2135087606
0.9540954095,4.3251905925
0.9550955096,5.1328500978
0.9560956096,3.3698919807
0.9570957096,3.1302878116
0.9580958096,4.8176192055
0.9590959096,5.4719155378
0.9600960096,3.9095187319
0.9610961096,3.5852855662
0.9620962096,5.1163374935
0.9630963096,5.4270530778
0.9640964096,4.9165338320
0.9650965097,6.9056585136
0.9660966097,5.6362461799
0.9670967097,4.7816268086
0.9680968097,7.0578048612
0.9690969097,5.5279828813
0.9700970097,5.3217973461
0.9710971097,5.0737105346
0.9720972097,3.5229274082
0.9730973097,4.7126936817
0.9740974097,5.7126939492
0.9750975098,6.5934091730
0.9760976098,4.2005546230
0.9770977098,4.2470702208
0.9780978098,3.7835651165
0.9790979098,4.4859764047
0.9800980098,4.1633381215
0.9810981098,4.6884340091
0.9820982098,3.3266803619
0.9830983098,2.4129454866
0.9840984098,3.8347831586
0.9850985099,6.5621594541
0.9860986099,4.8870284346
0.9870987099,5.3366434146
0.9880988099,5.5831251127
0.9890989099,5.3852761160
0.9900990099,5.5424149539
0.9910991099,5.0170084103
0.9920992099,6.6655556050
0.9930993099,5.6005739562
0.9940994099,5.4351436623
0.9950995100,3.1887538834
0.9960996100,6.2967910575
0.9970997100,4.6865487230
0.9980998100,4.6808604438
0.9990999100,4.5460390442
1.0001000100,4.1807770764
1.0011001100,5.9072690096
1.0021002100,6.2177366190
1.0031003100,5.3544144207
1.0041004100,6.8075861108
1.0051005101,7.2516221050
1.0061006101,3.7609262120
1.0071007101,5.6718601636
1.0081008101,2.7423871471
1.0091009101,4.9756768538
1.0101010101,4.4050328695
1.0111011101,5.8823292105
1.0121012101,5.1297389927
1.0131013101,5.8208411415
1.0141014101,5.8675331787
1.0151015102,5.7480316314
1.0161016102,4.2383971920
1.0171017102,2.7395707756
1.0181018102,5.7032489743
1.0191019102,5.5036366550
1.0201020102,6.1809229072
1.0211021102,5.8739896012
1.0221022102,5.8683377297
1.0231023102,5.9130974192
1.0241024102,4.4447918362
1.0251025103,5.0371973900
1.0261026103,5.5284472026
1.0271027103,4.2440108017
1.0281028103,5.1102941404
1.0291029103,5.4104337908
1.0301030103,5.9696858339
1.0311031103,6.9768517809
1.0321032103,5.4121562849
1.0331033103,6.3025450467
1.0341034103,5.1076719364
1.0351035104,4.0274999874
1.0361036104,6.4358657901
1.0371037104,5.4049919699
1.0381038104,6.9668165257
1.0391039104,4.9543736228
1.0401040104,3.6546766457
1.0411041104,3.0922041232
1.0421042104,3.9019517922
1.0431043104,5.8286939297
1.0441044104,5.8556687130
1.0451045105,4.3255474899
1.0461046105,6.3784554811
1.0471047105,3.4461455880
1.0481048105,4.7072054148
1.0491049105,5.4304390465
1.0501050105,5.6944235507
1.0511051105,4.3940847202
1.0521052105,4.6738557201
1.0531053105,4.8156932634
1.0541054105,6.3856664885
1.0551055106,5.0681689746
1.0561056106,4.2642301492
1.0571057106,5.4119066978
1.0581058106,4.9119445029
1.0591059106,2.7877208826
1.0601060106,4.4250944556
1.0611061106,3.7550373316
1.0621062106,4.3816932146
1.0631063106,5.3408236918
1.0641064106,6.0828645287
1.0651065107,3.8073508652
1.0661066107,4.5374274319
1.0671067107,4.4434391350
1.0681068107,4.1608334133
1.0691069107,5.3187809880
1.0701070107,4.4886676210
1.0711071107,3.9739785722
1.0721072107,4.2235031683
1.0731073107,6.9250386046
1.0741074107,5.2810614728
1.0751075108,4.0680404377
1.0761076108,4.4927775862
1.0771077108,6.6695942158
1.0781078108,5.6507552458
1.0791079108,6.2743282988
1.0801080108,3.0263452753
1.0811081108,5.5933755874
1.0821082108,4.7562972160
1.0831083108,4.2723791774
1.0841084108,4.0482649450
1.0851085109,6.8932485092
1.0861086109,4.2423849991
1.0871087109,5.5692560564
1.0881088109,6.0301757526
1.0891089109,5.1137863387
1.0901090109,4.4990489205
1.0911091109,5.6048939905
1.0921092109,3.5965848090
1.0931093109,4.7429812450
1.0941094109,6.1208496640
1.0951095110,5.8002121941
1.0961096110,6.8340634431
1.0971097110,4.7273936921
1.0981098110,4.0210379265
1.0991099110,5.5988562276
1.1001100110,4.0524030746
1.1011101110,5.6335889265
1.1021102110,5.3399714760
1.1031103110,4.7681725339
1.1041104110,6.3036981471
1.1051105111,5.7516063527
1.1061106111,7.5611581363
1.1071107111,4.4976354239
1.1081108111,5.5727416939
1.1091109111,5.2350384512
1.1101110111,3.3036122880
1.1111111111,6.6031406854
1.1121112111,4.0896133035
1.1131113111,6.7526223338
1.1141114111,4.7492612486
1.1151115112,5.1194717038
1.1161116112,5.8718764219
1.1171117112,5.3751846715
1.1181118112,4.6402392802
1.1191119112,5.2295127030
1.1201120112,6.0798326045
1.1211121112,4.9983258542
1.1221122112,5.7170322420
1.1231123112,5.3054068108
1.1241124112,4.6242850503
1.1251125113,4.9862435914
1.1261126113,4.6465059596
1.1271127113,6.1610660100
1.1281128113,4.2778388308
1.1291129113,7.1444483316
1.1301130113,5.5137464798
1.1311131113,5.5091285835
1.1321132113,5.2928457981
1.1331133113,5.2118469123
1.1341134113,5.9738034355
1.1351135114,5.3425205458
1.1361136114,4.7914752679
1.1371137114,6.2228583136
1.1381138114,6.9942519184
1.1391139114,5.8766481679
1.1401140114,7.3252900154
1.1411141114,5.5534666939
1.1421142114,6.2177174458
1.1431143114,4.9509736227
1.1441144114,3.5482646599
1.1451145115,5.4152504210
1.1461146115,5.4515974961
1.1471147115,5.9801359454
1.1481148115,7.4190411353
1.1491149115,4.9272081793
1.1501150115,6.7940966221
1.1511151115,4.9726927480
1.1521152115,6.9718671462
1.1531153115,4.2269318658
1.1541154115,6.2849207860
1.1551155116,3.6313925296
1.1561156116,3.5723370905
1.1571157116,6.4732892813
1.1581158116,4.5776263081
1.1591159116,6.0190823946
1.1601160116,4.1790540643
1.1611161116,6.9647535002
1.1621162116,5.1865913402
1.1631163116,5.1880312873
1.1641164116,4.4718920436
1.1651165117,5.3325209826
1.1661166117,7.0268471133
1.1671167117,4.9961875150
1.1681168117,6.4200116319
1.1691169117,4.4158735301
1.1701170117,4.6117826258
1.1711171117,6.8235678159
1.1721172117,5.2505194558
1.1731173117,4.4863967376
1.1741174117,6.9390384833
1.1751175118,5.6738034808
1.1761176118,5.6004073096
1.1771177118,6.0225508452
1.1781178118,5.5544606657
1.1791179118,5.1292633118
1.1801180118,4.0139551676
1.1811181118,6.7698608797
1.1821182118,4.7667925679
1.1831183118,4.6465419739
1.1841184118,4.4543877366
1.1851185119,6.0281056885
1.1861186119,4.1551251224
1.1871187119,8.1837141103
1.1881188119,4.7666660454
1.1891189119,5.6129983938
1.1901190119,7.8790491042
1.1911191119,6.4521098493
1.1921192119,6.0886893591
1.1931193119,2.9521546509
1.1941194119,4.6422743138
1.1951195120,3.8108056540
1.1961196120,5.5753056813
1.1971197120,6.0162594012
1.1981198120,6.0925453268
1.1991199120,5.5167248951
1.2001200120,6.6031284582
1.2011201120,5.5521893493
1.2021202120,5.8852811799
1.2031203120,7.6503756273
1.2041204120,5.6467252176
1.2051205121,5.9840606505
1.2061206121,6.2691362286
1.2071207121,5.6337813579
1.2081208121,6.0780861982
1.2091209121,5.5362844894
1.2101210121,6.8875427372
1.2111211121,6.1221445385
1.2121212121,4.8733345335
1.2131213121,4.7091976106
1.2141214121,5.3258848898
1.2151215122,5.8786020037
1.2161216122,5.6085854128
1.2171217122,6.1211882315
1.2181218122,7.4666360873
1.2191219122,7.0115477044
1.2201220122,7.0023742572
1.2211221122,6.0637406019
1.2221222122,4.8857449452
1.2231223122,5.2595856505
1.2241224122,5.5875554939
1.2251225123,6.3329702024
1.2261226123,5.0561615213
1.2271227123,5.0677331085
1.2281228123,6.5237537808
1.2291229123,4.6786283849
1.2301230123,6.6507251039
1.2311231123,3.8455739619
1.2321232123,7.0351480146
1.2331233123,4.2157561921
1.2341234123,4.5009862483
1.2351235124,6.4112444324
1.2361236124,4.3261973312
1.2371237124,5.0873940054
1.2381238124,5.0674518858
1.2391239124,5.5430798197
1.2401240124,7.1430415899
1.2411241124,5.5373667165
1.2421242124,6.1103100152
1.2431243124,4.4063576213
1.2441244124,4.6707502943
1.2451245125,6.4691656414
1.2461246125,4.7971328140
1.2471247125,5.3362737412
1.2481248125,4.9464368997
1.2491249125,5.1913260105
1.2501250125,5.6407501239
1.2511251125,5.7762693040
1.2521252125,5.1269309203
1.2531253125,6.6509019050
1.2541254125,6.3903002546
1.2551255126,5.3456779659
1.2561256126,5.5760431661
1.2571257126,6.7257164777
1.2581258126,5.6826495812
1.2591259126,6.9001872170
1.2601260126,4.0259155174
1.2611261126,5.6363380633
1.2621262126,6.2711169447
1.2631263126,5.0319616811
1.2641264126,4.3613518947
1.2651265127,6.1814269132
1.2661266127,5.0194667424
1.2671267127,6.9367621527
1.2681268127,5.9892710325
1.2691269127,6.2415810966
1.2701270127,5.7495479768
1.2711271127,5.0912712004
1.2721272127,5.5008732467
1.2731273127,6.1727172901
1.2741274127,6.1798376541
1.2751275128,4.8255707958
1.2761276128,6.9278779262
1.2771277128,5.8194322350
1.2781278128,5.1259678327
1.2791279128,5.9345795211
1.2801280128,5.5458615575
1.2811281128,3.6166130572
1.2821282128,7.0291263805
1.2831283128,6.9732935593
1.2841284128,6.1164263752
1.2851285129,5.7299831588
1.2861286129,6.9917535481
1.2871287129,4.8780564485
1.2881288129,7.1602034867
1.2891289129,4.6059723631
1.2901290129,6.7045236728
1.2911291129,6.4114545541
1.2921292129,6.3979467850
1.2931293129,4.0800249045
1.2941294129,5.9628866556
1.2951295130,5.6323338000
1.2961296130,7.5941356177
1.2971297130,7.6614976105
1.2981298130,5.2335725115
1.2991299130,7.1396017219
1.3001300130,7.1158713243
1.3011301130,6.7058844583
1.3021302130,6.4012983071
1.3031303130,5.4572038611
1.3041304130,7.2746628798
1.3051305131,5.3118567400
1.3061306131,6.8084634647
1.3071307131,6.8337139949
1.3081308131,5.4446524536
1.3091309131,5.9734083345
1.3101310131,5.2830052018
1.3111311131,6.6487586392
1.3121312131,6.6987732197
1.3131313131,5.4412628390
1.3141314131,7.5002993493
1.3151315132,6.9868892454
1.3161316132,4.3683726785
1.3171317132,6.5873234320
1.3181318132,7.0149263600
1.3191319132,5.8919929435
1.3201320132,5.7888059570
1.3211321132,6.5459842689
1.3221322132,5.8840340835
1.3231323132,5.6321065974
1.3241324132,4.7203644160
1.3251325133,6.4951272724
1.3261326133,5.7541254394
1.3271327133,5.7189905830
1.3281328133,8.6184195352
1.3291329133,6.4537591708
1.3301330133,6.4341689693
1.3311331133,6.6248191754
1.3321332133,5.5733212273
1.3331333133,7.1981266195
1.3341334133,5.1378998051
1.3351335134,5.6376796079
1.3361336134,6.4216733219
1.3371337134,4.9181826768
1.3381338134,4.8516280192
1.3391339134,5.4815672156
1.3401340134,4.6143179949
1.3411341134,6.7009206891
1.3421342134,7.0384393559
1.3431343134,6.0251607159
1.3441344134,4.7954747386
1.3451345135,5.5141494847
1.3461346135,8.1297179170
1.3471347135,5.9073198946
1.3481348135,6.3391955156
1.3491349135,6.5315182033
1.3501350135,5.5588597739
1.3511351135,5.7337591174
1.3521352135,6.4342341341
1.3531353135,6.0354941471
1.3541354135,5.8989717698
1.3551355136,6.4873476186
1.3561356136,7.5931681342
1.3571357136,4.4782257883
1.3581358136,5.9129914917
1.3591359136,6.4600772272
1.3601360136,7.0133735862
1.3611361136,7.3361290792
1.3621362136,6.8229931713
1.3631363136,7.1899505513
1.3641364136,6.8013511545
1.3651365137,6.9351857561
1.3661366137,6.6805817193
1.3671367137,7.1358296081
1.3681368137,6.8007493200
1.3691369137,6.8868640843
1.3701370137,4.9739525664
1.3711371137,6.3375481140
1.3721372137,7.2488839887
1.3731373137,6.8658706075
1.3741374137,6.4897538190
1.3751375138,4.6807691913
1.3761376138,6.3194101972
1.3771377138,4.9732496321
1.3781378138,6.0628216026
1.3791379138,6.3847368836
1.3801380138,6.4025351789
1.3811381138,6.0667421797
1.3821382138,6.2336065475
1.3831383138,6.3523178206
1.3841384138,5.5629245602
1.3851385139,6.4407610324
1.3861386139,6.7325301662
1.3871387139,7.5854843438
1.3881388139,5.5905192052
1.3891389139,6.2723776042
1.3901390139,6.2766686453
1.3911391139,6.0593103690
1.3921392139,5.9868837316
1.3931393139,5.9230925192
1.3941394139,7.1002997696
1.3951395140,6.8955237810
1.3961396140,5.8107867459
1.3971397140,6.8165575280
1.3981398140,6.7507106997
1.3991399140,3.2418496053
1.4001400140,6.7131763128
1.4011401140,5.7398451110
1.4021402140,7.6111653206
1.4031403140,5.9310396513
1.4041404140,5.7786724813
1.4051405141,6.9501063641
1.4061406141,6.7480472552
1.4071407141,5.1951855931
1.4081408141,5.4201331439
1.4091409141,6.2917546751
1.4101410141,6.5717420072
1.4111411141,6.3402961722
1.4121412141,6.5645271169
1.4131413141,4.7485450135
1.4141414141,7.1453850718
1.4151415142,6.9086314110
1.4161416142,6.0477466014
1.4171417142,8.4826337929
1.4181418142,7.4302632198
1.4191419142,7.6224476026
1.4201420142,7.1698695051
1.4211421142,7.3059667743
1.4221422142,6.2917212009
1.4231423142,4.5084045887
1.4241424142,5.7521157942
1.4251425143,6.9725512360
1.4261426143,7.3386368330
1.4271427143,6.3021340653
1.4281428143,6.3415999680
1.4291429143,7.8295037534
1.4301430143,7.1526884335
1.4311431143,3.9761316184
1.4321432143,5.5277975356
1.4331433143,6.1667975560
1.4341434143,6.6874062407
1.4351435144,6.3414906859
1.4361436144,6.7201980145
1.4371437144,5.0963976568
1.4381438144,7.5207981137
1.4391439144,7.9627121636
1.4401440144,5.1219012825
1.4411441144,8.0325690033
1.4421442144,5.0058364779
1.4431443144,5.2888507247
1.4441444144,6.6583336904
1.4451445145,5.3535529252
1.4461446145,5.3409704214
1.4471447145,4.8473594969
1.4481448145,5.2922470101
1.4491449145,8.2343827536
1.4501450145,5.8265640730
1.4511451145,6.7127291855
1.4521452145,7.1896121300
1.4531453145,6.9692668049
1.4541454145,6.7906610147
1.4551455146,7.9782518015
1.4561456146,4.7553698196
1.4571457146,7.7029416876
1.4581458146,6.5629208360
1.4591459146,7.1561509904
1.4601460146,6.1759192835
1.4611461146,6.2139286804
1.4621462146,6.3391828007
1.4631463146,5.3985050100
1.4641464146,6.4647479931
1.4651465147,8.1409104349
1.4661466147,6.0777436716
1.4671467147,5.4374773583
1.4681468147,3.4542533592
1.4691469147,5.5000889670
1.4701470147,5.0735762790
1.4711471147,6.9018447924
1.4721472147,6.8225095153
1.4731473147,6.3951882530
1.4741474147,6.6943744122
1.4751475148,6.2325437177
1.4761476148,7.0389322976
1.4771477148,5.9074436522
1.4781478148,6.8076358852
1.4791479148,7.9943142442
1.4801480148,4.9101730264
1.4811481148,5.8166373443
1.4821482148,6.0518981063
1.4831483148,5.7561487232
1.4841484148,7.5473182674
1.4851485149,3.3807889065
1.4861486149,7.3849848458
1.4871487149,4.9657097092
1.4881488149,5.3028813956
1.4891489149,8.5834473261
1.4901490149,5.8233220396
1.4911491149,8.0627499180
1.4921492149,4.8691995247
1.4931493149,5.3920792264
1.4941494149,5.2252624987
1.4951495150,6.3792754334
1.4961496150,7.0784620657
1.4971497150,6.3477664157
1.4981498150,5.4848369983
1.4991499150,7.2548994016
1.5001500150,6.1104322727
1.5011501150,5.8832402063
1.5021502150,5.7436780823
1.5031503150,7.1596606222
1.5041504150,8.5540568476
1.5051505151,5.4254258131
1.5061506151,7.8256297264
1.5071507151,5.5705546735
1.5081508151,5.9178198988
1.5091509151,6.0886969863
1.5101510151,6.8514886657
1.5111511151,6.8646005350
1.5121512151,7.2133944952
1.5131513151,8.5818526444
1.5141514151,6.0750783357
1.5151515152,5.0570404520
1.5161516152,5.6654790802
1.5171517152,6.3356886460
1.5181518152,7.8625000647
1.5191519152,7.2703860483
1.5201520152,7.2897090859
1.5211521152,5.4430818023
1.5221522152,6.7652514283
1.5231523152,5.1637743293
1.5241524152,6.7251766903
1.5251525153,5.8577195366
1.5261526153,4.8435521139
1.5271527153,7.4849966174
1.5281528153,7.4729668220
1.5291529153,6.3556906543
1.5301530153,4.8549330506
1.5311531153,7.8208991987
1.5321532153,7.3211619995
1.5331533153,7.8201656617
1.5341534153,6.4471052064
1.5351535154,5.3086226460
1.5361536154,6.6514378619
1.5371537154,6.5929219195
1.5381538154,6.7040543544
1.5391539154,6.8206869987
1.5401540154,5.8211457705
1.5411541154,7.2708470226
1.5421542154,5.8981405772
1.5431543154,7.0552279598
1.5441544154,5.1526187946
1.5451545155,6.3235002935
1.5461546155,7.3350228869
1.5471547155,7.7348627415
1.5481548155,6.9922953117
1.5491549155,6.6781208697
1.5501550155,7.1514792750
1.5511551155,7.0389007809
1.5521552155,7.0003075856
1.5531553155,6.0516995492
1.5541554155,8.0976026114
1.5551555156,5.3938289778
1.5561556156,5.9012379244
1.5571557156,6.2617949548
1.5581558156,6.3613764561
1.5591559156,6.2178610562
1.5601560156,6.2494456820
1.5611561156,6.5144889089
1.5621562156,6.8409003631
1.5631563156,7.2280968139
1.5641564156,6.7403080738
1.5651565157,8.6389012219
1.5661566157,6.9809416353
1.5671567157,5.6045931607
1.5681568157,6.3328012658
1.5691569157,5.0083364412
1.5701570157,8.1765047666
1.5711571157,7.8556517033
1.5721572157,5.7470125621
1.5731573157,5.9848431249
1.5741574157,5.9322521860
1.5751575158,7.5910116064
1.5761576158,5.0018676560
1.5771577158,5.5405504881
1.5781578158,7.6027543454
1.5791579158,6.4574665355
1.5801580158,6.2397496804
1.5811581158,5.6860373450
1.5821582158,6.8101255215
1.5831583158,7.8972385170
1.5841584158,5.7336286812
1.5851585159,4.0769363120
1.5861586159,8.2493318282
1.5871587159,6.0590629922
1.5881588159,7.0747306333
1.5891589159,6.5465862189
1.5901590159,6.9856279442
1.5911591159,6.5142060227
1.5921592159,5.6043025352
1.5931593159,5.5190568979
1.5941594159,5.4407663021
1.5951595160,5.6973607618
1.5961596160,7.4670181805
1.5971597160,7.5161543174
1.5981598160,5.2083182552
1.5991599160,6.8822085165
1.6001600160,7.9653610364
1.6011601160,6.9906214877
1.6021602160,7.6397855653
1.6031603160,6.7340769925
1.6041604160,6.1922017878
1.6051605161,6.1660707006
1.6061606161,6.6153602900
1.6071607161,7.9948195703
1.6081608161,7.8029437618
1.6091609161,4.6808417331
1.6101610161,5.2536207800
1.6111611161,5.5642888032
1.6121612161,6.9185059834
1.6131613161,6.6295035449
1.6141614161,8.1138929505
1.6151615162,6.3080442259
1.6161616162,7.0353662482
1.6171617162,7.7159353702
1.6181618162,5.6325649035
1.6191619162,7.9190492776
1.6201620162,7.1250570933
1.6211621162,5.5822345970
1.6221622162,6.4030584405
1.6231623162,6.3335940608
1.6241624162,7.4956706281
1.6251625163,8.0098601507
1.6261626163,6.8821787979
1.6271627163,5.7244322680
1.6281628163,5.9546425337
1.6291629163,7.1634833398
1.6301630163,5.7463451884
1.6311631163,7.6810162809
1.6321632163,7.2833559423
1.6331633163,7.7468123518
1.6341634163,7.1856790368
1.6351635164,7.4561271651
1.6361636164,5.1593912973
1.6371637164,5.5987934003
1.6381638164,6.5863437080
1.6391639164,6.9597544177
1.6401640164,5.9756467857
1.6411641164,6.9870130382
1.6421642164,4.9838314464
1.6431643164,7.3795965203
1.6441644164,8.2412628467
1.6451645165,6.3609514952
1.6461646165,7.0515128086
1.6471647165,5.6135553324
1.6481648165,6.8539831701
1.6491649165,7.9953174797
1.6501650165,7.8408927828
1.6511651165,7.3387527895
1.6521652165,8.1164608511
1.6531653165,8.0282620732
1.6541654165,6.9145353534
1.6551655166,6.8542143471
1.6561656166,6.1152520485
1.6571657166,7.3830361694
1.6581658166,7.0389173933
1.6591659166,8.8098832938
1.6601660166,5.3625819766
1.6611661166,7.7676405562
1.6621662166,7.4142189227
1.6631663166,7.1079580733
1.6641664166,7.3279165996
1.6651665167,7.5441885668
1.6661666167,6.1222095986
1.6671667167,7.2686955238
1.6681668167,8.2381141435
1.6691669167,5.6560491640
1.6701670167,6.3714597496
1.6711671167,7.2620388420
1.6721672167,6.1509402348
1.6731673167,6.4403805588
1.6741674167,7.4384825754
1.6751675168,5.0739612352
1.6761676168,6.8734660954
1.6771677168,7.3659730769
1.6781678168,8.1892091703
1.6791679168,8.9660448212
1.6801680168,5.9953055209
1.6811681168,5.6819151870
1.6821682168,7.4976627913
1.6831683168,6.5530997163
1.6841684168,8.7072012147
1.6851685169,9.5154033154
1.6861686169,7.7314935518
1.6871687169,7.7388000234
1.6881688169,5.2086488574
1.6891689169,6.9592348785
1.6901690169,7.3795878544
1.6911691169,7.5335587808
1.6921692169,6.0757628617
1.6931693169,7.8184101697
1.6941694169,6.7974137983
1.6951695170,6.4493459418
1.6961696170,6.5353914647
1.6971697170,6.3155363920
1.6981698170,8.3053664235
1.6991699170,7.1642170719
1.7001700170,9.7983647484
1.7011701170,6.5086142846
1.7021702170,6.8240853130
1.7031703170,6.8437085344
1.7041704170,6.3929293075
1.7051705171,7.2399924728
1.7061706171,5.8715286125
1.7071707171,7.6711330225
1.7081708171,6.4854964787
1.7091709171,8.0152606284
1.7101710171,7.9904223763
1.7111711171,6.6775767532
1.7121712171,6.8801123355
1.7131713171,5.3553048797
1.7141714171,6.7687609799
1.7151715172,8.8501114643
1.7161716172,7.2468399191
1.7171717172,8.6952540102
1.7181718172,5.5812186240
1.7191719172,6.1489039602
1.7201720172,8.0453993271
1.7211721172,8.5486336189
1.7221722172,6.7163407155
1.7231723172,6.9831246578
1.7241724172,8.6359136891
1.7251725173,5.4988380120
1.7261726173,7.8332779292
1.7271727173,7.3875970412
1.7281728173,6.7454402383
1.7291729173,7.2651261774
1.7301730173,6.6573956676
1.7311731173,7.6670986150
1.7321732173,8.1873101241
1.7331733173,8.4597750347
1.7341734173,7.8457816983
1.7351735174,8.2771888696
1.7361736174,7.1506823178
1.7371737174,5.7914030364
1.7381738174,7.7087852404
1.7391739174,7.0903082051
1.7401740174,7.0039617348
1.7411741174,8.4632784120
1.7421742174,5.7055706038
1.7431743174,6.7709694979
1.7441744174,7.0744057664
1.7451745175,7.9056583839
1.7461746175,7.9755957218
1.7471747175,8.3314862651
1.7481748175,9.0419253710
1.7491749175,6.9810762721
1.7501750175,7.2951871147
1.7511751175,4.7810501457
1.7521752175,8.2096525907
1.7531753175,6.3927368690
1.7541754175,6.7339848069
1.7551755176,8.0519987069
1.7561756176,8.1211619695
1.7571757176,8.1773216646
1.7581758176,6.0960923872
1.7591759176,7.0665151124
1.7601760176,7.8754273685
1.7611761176,5.8941620915
1.7621762176,4.8254663594
1.7631763176,6.9720227972
1.7641764176,7.2774756646
1.7651765177,7.3688855106
1.7661766177,7.5901995169
1.7671767177,8.5219700409
1.7681768177,6.9696730231
1.7691769177,7.7548301580
1.7701770177,7.0866600674
1.7711771177,8.2114331845
1.7721772177,6.7183712602
1.7731773177,7.4627086926
1.7741774177,6.3189087182
1.7751775178,5.8024295831
1.7761776178,7.8454932869
1.7771777178,8.1662700052
1.7781778178,8.7487582682
1.7791779178,6.5859617270
1.7801780178,6.4669199045
1.7811781178,5.1852219592
1.7821782178,9.4908483973
1.7831783178,7.2840176931
1.7841784178,6.9525171465
1.7851785179,5.8777927771
1.7861786179,8.4338926273
1.7871787179,6.5758842210
1.7881788179,8.5117839371
1.7891789179,8.6102844464
1.7901790179,8.6371167425
1.7911791179,6.8903254382
1.7921792179,7.1244066748
1.7931793179,7.8030935951
1.7941794179,6.4816277314
1.7951795180,9.5457497557
1.7961796180,7.6722047164
1.7971797180,7.2763307780
1.7981798180,7.7695994588
1.7991799180,6.3768944793
1.8001800180,7.6271225634
1.8011801180,8.5054371383
1.8021802180,7.7648873975
1.8031803180,5.1202554508
1.8041804180,6.0608864204
1.8051805181,8.4233700992
1.8061806181,10.3395057654
1.8071807181,6.3201063989
1.8081808181,8.1107104969
1.8091809181,7.2790605713
1.8101810181,7.4984270643
1.8111811181,7.9515943364
1.8121812181,7.9501846617
1.8131813181,7.5185166959
1.8141814181,5.5150016409
1.8151815182,7.3483141089
1.8161816182,7.5097806620
1.8171817182,6.0878985949
1.8181818182,7.9836352179
1.8191819182,8.6569744334
1.8201820182,7.2964981876
1.8211821182,6.9215571889
1.8221822182,7.9234313589
1.8231823182,8.4813753890
1.8241824182,5.8081884188
1.8251825183,9.0277584609
1.8261826183,6.9504079491
1.8271827183,7.7298185958
1.8281828183,7.4253250127
1.8291829183,6.3929053146
1.8301830183,6.3263539983
1.8311831183,5.5219709213
1.8321832183,9.0693314308
1.8331833183,9.2546611146
1.8341834183,7.5860131816
1.8351835184,7.0672199828
1.8361836184,7.7974576816
1.8371837184,8.5348455431
1.8381838184,7.6367355745
1.8391839184,9.0582204471
1.8401840184,8.7410521124
1.8411841184,6.5674831713
1.8421842184,7.0760807698
1.8431843184,8.1491060842
1.8441844184,8.2449564780
1.8451845185,7.5270350014
1.8461846185,7.7116378050
1.8471847185,8.1289379064
1.8481848185,7.4738407090
1.8491849185,9.4453204801
1.8501850185,6.7563085194
1.8511851185,8.1461577958
1.8521852185,8.6848465772
1.8531853185,10.0442300064
1.8541854185,7.6894915859
1.8551855186,7.8536750952
1.8561856186,7.6692092379
1.8571857186,7.3048342977
1.8581858186,7.2089176998
1.8591859186,7.3879975671
1.8601860186,5.8369344787
1.8611861186,8.9732204209
1.8621862186,7.0536802166
1.8631863186,8.1749198894
1.8641864186,6.2863987662
1.8651865187,7.5645660821
1.8661866187,8.2624154814
1.8671867187,8.3159848362
1.8681868187,8.0482539238
1.8691869187,6.7367640809
1.8701870187,7.3186791708
1.8711871187,8.6072698812
1.8721872187,7.7967680633
1.8731873187,5.4782595102
1.8741874187,7.2469112061
1.8751875188,8.0437814255
1.8761876188,6.7202101201
1.8771877188,7.8074849130
1.8781878188,8.8146358564
1.8791879188,5.9574679303
1.8801880188,5.4401122248
1.8811881188,7.2740070517
1.8821882188,7.0612475825
1.8831883188,6.4622630280
1.8841884188,7.3645112512
1.8851885189,10.7925683917
1.8861886189,7.1147483025
1.8871887189,8.0731129484
1.8881888189,7.8650461828
1.8891889189,8.1976957195
1.8901890189,7.9537905160
1.8911891189,6.6999097589
1.8921892189,5.8289247537
1.8931893189,7.8860719227
1.8941894189,7.4297198588
1.8951895190,7.7690006989
1.8961896190,6.1612010426
1.8971897190,7.3920565830
1.8981898190,6.4024371657
1.8991899190,8.3677938854
1.9001900190,7.9949579357
1.9011901190,6.8703491225
1.9021902190,7.2563471706
1.9031903190,5.9517944501
1.9041904190,6.7730402743
1.9051905191,7.1034873247
1.9061906191,7.2467585634
1.9071907191,7.0548038771
1.9081908191,6.4842092816
1.9091909191,7.9426873395
1.9101910191,8.0487256857
1.9111911191,7.5143335179
1.9121912191,7.0360737451
1.9131913191,6.9402674901
1.9141914191,8.7717942211
1.9151915192,8.1404222726
1.9161916192,7.6859435610
1.9171917192,7.9479615578
1.9181918192,6.9543749954
1.9191919192,7.8206171672
1.9201920192,8.2635229823
1.9211921192,6.6519222755
1.9221922192,7.4882302903
1.9231923192,8.1387335342
1.9241924192,8.0397038055
1.9251925193,8.6778165089
1.9261926193,7.7063982809
1.9271927193,7.4378593327
1.9281928193,8.6794454749
1.9291929193,8.1115018583
1.9301930193,9.5982192216
1.9311931193,6.6155396498
1.9321932193,7.9523068592
1.9331933193,9.3934143330
1.9341934193,9.3974695295
1.9351935194,10.0028717487
1.9361936194,8.2054238558
1.9371937194,5.8466284811
1.9381938194,8.7974166176
1.9391939194,6.9363051613
1.9401940194,8.9254472366
1.9411941194,8.5065982902
1.9421942194,9.3863712853
1.9431943194,8.0904300685
1.9441944194,7.9596339244
1.9451945195,7.9727675345
1.9461946195,6.3044207472
1.9471947195,7.8697626596
1.9481948195,6.8876986880
1.9491949195,7.5437332728
1.9501950195,9.3068135477
1.9511951195,10.1135498050
1.9521952195,9.0748339583
1.9531953195,8.6297015945
1.9541954195,7.2129001081
1.9551955196,6.0847607437
1.9561956196,6.9305111714
1.9571957196,8.6398707592
1.9581958196,7.9571639178
1.9591959196,7.1970650250
1.9601960196,6.3521350553
1.9611961196,8.2406327390
1.9621962196,10.1864288402
1.9631963196,8.4231694302
1.9641964196,7.4684801761
1.9651965197,5.8660340081
1.9661966197,9.8799971889
1.9671967197,9.3305383833
1.9681968197,8.5588886473
1.9691969197,9.0328779430
1.9701970197,7.5458145312
1.9711971197,7.4989647299
1.9721972197,9.3613291005
1.9731973197,8.5214800450
1.9741974197,7.2535941593
1.9751975198,8.3912911222
1.9761976198,8.6711985280
1.9771977198,6.5301499633
1.9781978198,6.7548831709
1.9791979198,8.1236923136
1.9801980198,7.6421967599
1.9811981198,7.9814447792
1.9821982198,7.4819434038
1.9831983198,8.5603274072
1.9841984198,8.6850504698
1.9851985199,5.1317067970
1.9861986199,6.6170286017
1.9871987199,8.3833908174
1.9881988199,7.2096531880
1.9891989199,7.4429267125
1.9901990199,8.2697363608
1.9911991199,8.0605592960
1.9921992199,7.6141079673
1.9931993199,6.8178078709
1.9941994199,7.2698256699
1.9951995200,7.8321942811
1.9961996200,7.9452051822
1.9971997200,7.1397732306
1.9981998200,6.4864808597
1.9991999200,7.5754050191
2.0002000200,9.1847908723
2.0012001200,7.4086651490
2.0022002200,7.2641396841
2.0032003200,9.6555628827
2.0042004200,6.8589901098
2.0052005201,6.8088687383
2.0062006201,8.5764121211
2.0072007201,7.5842522093
2.0082008201,8.5989627000
2.0092009201,7.9192730885
2.0102010201,7.9222561785
2.0112011201,9.6355276223
2.0122012201,5.9624158025
2.0132013201,7.6024393904
2.0142014201,8.9285360128
2.0152015202,9.3200762210
2.0162016202,8.3320534944
2.0172017202,7.5301403322
2.0182018202,7.8949896954
2.0192019202,8.1232459338
2.0202020202,5.4850525061
2.0212021202,5.9509263146
2.0222022202,7.6641984995
2.0232023202,8.8469286016
2.0242024202,8.5813479713
2.0252025203,7.7820346056
2.0262026203,7.9970802798
2.0272027203,9.6870073714
2.0282028203,8.4210311571
2.0292029203,8.1874173878
2.0302030203,8.3076751116
2.0312031203,7.0325698439
2.0322032203,7.1182665578
2.0332033203,9.1778326836
2.0342034203,8.9907373304
2.0352035204,8.4326424530
2.0362036204,7.4295077344
2.0372037204,7.2541599729
2.0382038204,6.6362791665
2.0392039204,7.6879680118
2.0402040204,7.8561460532
2.0412041204,7.2175537506
2.0422042204,8.0745015997
2.0432043204,7.6640654745
2.0442044204,7.7175050334
2.0452045205,7.5975411430
2.0462046205,8.6535738996
2.0472047205,8.0737997716
2.0482048205,7.4902883650
2.0492049205,9.6113920732
2.0502050205,7.9845085484
2.0512051205,8.1238482325
2.0522052205,9.0676154528
2.0532053205,9.1001869391
2.0542054205,9.7719900322
2.0552055206,10.0054043801
2.0562056206,9.0314943292
2.0572057206,8.9373588096
2.0582058206,9.4623511414
2.0592059206,9.9223401030
2.0602060206,6.4134355537
2.0612061206,7.8440331905
2.0622062206,8.5682239421
2.0632063206,8.6353430543
2.0642064206,9.9367141558
2.0652065207,9.0339394548
2.0662066207,7.4936115505
2.0672067207,7.4094357324
2.0682068207,11.3140840550
2.0692069207,7.2726719159
2.0702070207,7.5994297267
2.0712071207,10.2505249152
2.0722072207,10.1307605519
2.0732073207,7.6519130486
2.0742074207,6.8661606065
2.0752075208,8.3132352607
2.0762076208,7.0047695770
2.0772077208,7.9617045462
2.0782078208,6.8556463153
2.0792079208,9.4359011503
2.0802080208,7.9787393086
2.0812081208,11.0994198281
2.0822082208,8.9939665537
2.0832083208,8.3956061242
2.0842084208,9.4435251797
2.0852085209,7.6120729896
2.0862086209,8.1733100324
2.0872087209,9.3711280784
2.0882088209,7.5687984961
2.0892089209,8.7774442871
2.0902090209,8.2989813689
2.0912091209,9.1069035984
2.0922092209,9.2329123577
2.0932093209,8.1221023054
2.0942094209,8.4960136289
2.0952095210,7.1548263684
2.0962096210,8.3546269781
2.0972097210,7.8728287264
2.0982098210,9.5585858475
2.0992099210,7.3777259070
2.1002100210,8.3962339844
2.1012101210,9.0334919390
2.1022102210,8.5495944300
2.1032103210,7.9821292059
2.1042104210,7.3794895734
2.1052105211,9.2678599786
2.1062106211,10.6180755151
2.1072107211,7.5965971209
2.1082108211,8.5393360366
2.1092109211,6.8845998105
2.1102110211,9.5316370393
2.1112111211,7.4547053165
2.1122112211,6.9283568120
2.1132113211,8.5001788000
2.1142114211,7.3404779325
2.1152115212,8.1908792948
2.1162116212,7.9894382742
2.1172117212,8.1968856202
2.1182118212,7.3972790263
2.1192119212,7.1614168679
2.1202120212,9.5328797587
2.1212121212,9.3761700095
2.1222122212,9.1945988186
2.1232123212,7.2890152239
2.1242124212,8.9935586511
2.1252125213,8.5980406905
2.1262126213,9.3388730276
2.1272127213,8.3320363873
2.1282128213,8.7591565151
2.1292129213,8.5336247583
2.1302130213,8.6416011549
2.1312131213,8.8053533563
2.1322132213,7.5878118158
2.1332133213,8.2834747403
2.1342134213,8.5386098759
2.1352135214,8.7401972397
2.1362136214,9.3661838372
2.1372137214,10.0126771068
2.1382138214,8.0111470289
2.1392139214,7.7796879958
2.1402140214,8.9789093434
2.1412141214,6.4261363194
2.1422142214,8.1130125905
2.1432143214,8.7531754008
2.1442144214,7.5534725419
2.1452145215,6.7036676211
2.1462146215,8.3124881965
2.1472147215,8.4960432379
2.1482148215,9.5090844685
2.1492149215,8.6903800558
2.1502150215,9.9324549640
2.1512151215,7.9853015416
2.1522152215,7.8390126292
2.1532153215,10.5245661097
2.1542154215,8.7749036654
2.1552155216,7.6768186845
2.1562156216,8.6639566932
2.1572157216,10.1961824393
2.1582158216,7.5118939030
2.1592159216,8.8518014627
2.1602160216,6.5758249060
2.1612161216,9.0018317025
2.1622162216,7.8798006733
2.1632163216,9.3258108276
2.1642164216,7.7861884979
2.1652165217,6.8938169331
2.1662166217,9.0236371985
2.1672167217,9.3190662317
2.1682168217,7.8366044127
2.1692169217,7.8190816386
2.1702170217,8.0258247540
2.1712171217,7.5021036091
2.1722172217,6.7039002078
2.1732173217,9.2478943868
2.1742174217,7.1793188969
2.1752175218,7.0332972628
2.1762176218,9.3061804089
2.1772177218,8.0577861766
2.1782178218,8.2817807342
2.1792179218,7.7014782359
2.1802180218,8.5442436478
2.1812181218,7.7088155636
2.1822182218,8.7871421873
2.1832183218,7.8305221512
2.1842184218,8.8526833036
2.1852185219,9.1112635758
2.1862186219,8.6582386886
2.1872187219,8.9023069837
2.1882188219,8.7258831859
2.1892189219,6.2125514640
2.1902190219,9.8359457132
2.1912191219,8.2571032864
2.1922192219,7.6068824256
2.1932193219,9.1572270225
2.1942194219,8.9632595078
2.1952195220,7.7059886653
2.1962196220,9.3264272643
2.1972197220,9.2148888092
2.1982198220,7.5064393432
2.1992199220,8.4999369761
2.2002200220,8.3411132466
2.2012201220,9.8847851753
2.2022202220,7.9048713070
2.2032203220,8.7824194083
2.2042204220,8.6298410834
2.2052205221,9.1222218945
2.2062206221,8.2420027937
2.2072207221,9.0795328965
2.2082208221,8.1603415280
2.2092209221,9.3420217281
2.2102210221,8.6615090291
2.2112211221,9.1974737906
2.2122212221,9.7606265005
2.2132213221,8.9378541240
2.2142214221,7.9992262227
2.2152215222,8.9677145380
2.2162216222,8.5657802077
2.2172217222,8.3774836335
2.2182218222,9.5363728439
2.2192219222,7.8208339789
2.2202220222,7.4542108084
2.2212221222,8.3990755234
2.2222222222,9.0964122723
2.2232223222,7.9173354876
2.2242224222,9.8682264330
2.2252225223,8.9429278158
2.2262226223,9.5300729764
2.2272227223,8.5020557343
2.2282228223,10.2992234853
2.2292229223,7.9328484022
2.2302230223,6.3314850935
2.2312231223,10.8931504494
2.2322232223,8.4672450213
2.2332233223,8.5599340701
2.2342234223,8.3504969812
2.2352235224,8.9172881700
2.2362236224,7.7178225323
2.2372237224,7.4570061646
2.2382238224,9.5589797113
2.2392239224,8.4932794947
2.2402240224,10.1334578234
2.2412241224,8.9345477265
2.2422242224,7.5796041772
2.2432243224,8.3797878888
2.2442244224,9.9185784839
2.2452245225,9.0468192006
2.2462246225,8.6497342881
2.2472247225,9.0046726993
2.2482248225,7.3869730318
2.2492249225,8.2567909445
2.2502250225,10.4005799812
2.2512251225,9.3136061867
2.2522252225,11.0325153915
2.2532253225,8.6668790728
2.2542254225,9.0908657178
2.2552255226,9.5134929574
2.2562256226,9.4569051646
2.2572257226,9.6154127110
2.2582258226,8.6804660570
2.2592259226,7.8244761092
2.2602260226,9.1560224257
2.2612261226,8.3747074990
2.2622262226,8.8797603905
2.2632263226,9.0156949038
2.2642264226,9.2470858300
2.2652265227,8.5921984562
2.2662266227,9.5617597891
2.2672267227,8.2641834614
2.2682268227,9.9133044800
2.2692269227,9.3803915906
2.2702270227,7.8533781636
2.2712271227,8.6863430840
2.2722272227,7.9990547166
2.2732273227,10.1860044856
2.2742274227,8.0677951459
2.2752275228,8.7920033104
2.2762276228,10.7720046362
2.2772277228,8.2152589643
2.2782278228,8.5555816810
2.2792279228,9.7452148130
2.2802280228,8.4634166906
2.2812281228,9.3977968240
2.2822282228,10.2011623743
2.2832283228,10.1269019865
2.2842284228,9.3138134970
2.2852285229,9.4309854920
2.2862286229,8.2438893550
2.2872287229,8.6620017276
2.2882288229,7.9569052651
2.2892289229,8.5835775777
2.2902290229,9.9399631845
2.2912291229,9.7932101138
2.2922292229,9.8152930881
2.2932293229,7.2867232522
2.2942294229,9.1530171656
2.2952295230,8.4816385191
2.2962296230,8.3073172947
2.2972297230,8.2083725272
2.2982298230,8.8983671003
2.2992299230,7.5340697832
2.3002300230,10.5753786886
2.3012301230,10.5377576104
2.3022302230,8.7942487593
2.3032303230,9.0074625753
2.3042304230,7.9527291734
2.3052305231,10.2506883596
2.3062306231,8.0832882683
2.3072307231,7.3071837355
2.3082308231,8.2069450287
2.3092309231,9.1347312276
2.3102310231,9.3842403885
2.3112311231,7.7858337428
2.3122312231,10.2355674782
2.3132313231,9.8023763626
2.3142314231,8.7360809965
2.3152315232,9.2844348456
2.3162316232,7.5745224273
2.3172317232,9.4448896392
2.3182318232,9.5181129592
2.3192319232,8.8615633896
2.3202320232,10.8248523391
2.3212321232,7.1225009564
2.3222322232,10.3969931750
2.3232323232,7.8968577010
2.3242324232,10.2116410033
2.3252325233,7.6856857764
2.3262326233,10.2305722862
2.3272327233,9.0186404330
2.3282328233,7.5608796000
2.3292329233,9.2671458957
2.3302330233,8.3718484520
2.3312331233,7.5665230445
2.3322332233,10.1073720222
2.3332333233,9.8484147056
2.3342334233,8.8570658189
2.3352335234,9.8677650044
2.3362336234,9.1960033479
2.3372337234,8.7086192168
2.3382338234,9.7489334534
2.3392339234,8.7490616512
2.3402340234,8.1567333300
2.3412341234,10.3335013884
2.3422342234,10.9767143700
2.3432343234,7.8914755270
2.3442344234,9.0723880081
2.3452345235,9.5244329134
2.3462346235,7.9388418299
2.3472347235,7.5532233481
2.3482348235,9.4480464273
2.3492349235,9.2061115430
2.3502350235,8.7564636253
2.3512351235,11.1158019396
2.3522352235,8.3887793072
2.3532353235,7.6299572462
2.3542354235,8.7004318823
2.3552355236,9.9973259753
2.3562356236,9.1586077260
2.3572357236,10.5325664298
2.3582358236,11.6327044050
2.3592359236,8.7301703685
2.3602360236,6.4744205550
2.3612361236,9.1991883149
2.3622362236,10.4446488588
2.3632363236,9.3707583587
2.3642364236,8.3511016969
2.3652365237,9.3695875561
2.3662366237,8.2118042154
2.3672367237,10.8001378505
2.3682368237,9.3037827447
2.3692369237,7.0489221910
2.3702370237,9.7938114413
2.3712371237,10.7579265231
2.3722372237,7.8816267037
2.3732373237,7.0284928302
2.3742374237,10.1270214833
2.3752375238,9.4115346131
2.3762376238,8.2478738194
2.3772377238,10.1511221664
2.3782378238,9.8361242306
2.3792379238,9.4581361975
2.3802380238,8.1447960053
2.3812381238,8.9577824744
2.3822382238,8.7898231117
2.3832383238,9.9286214433
2.3842384238,8.4398487084
2.3852385239,9.8735326370
2.3862386239,9.8735767070
2.3872387239,10.1568199945
2.3882388239,8.7839086484
2.3892389239,9.6487787208
2.3902390239,8.1187463636
2.3912391239,9.6200567729
2.3922392239,10.2377885694
2.3932393239,9.3980224752
2.3942394239,9.6389626130
2.3952395240,7.8696183904
2.3962396240,8.4281394155
2.3972397240,8.6679888559
2.3982398240,8.3897479868
2.3992399240,9.5907293951
2.4002400240,8.9593281219
2.4012401240,9.2007358586
2.4022402240,11.9853747146
2.4032403240,9.4865925523
2.4042404240,9.8485218792
2.4052405241,8.5414006481
2.4062406241,8.4560498658
2.4072407241,6.2880953748
2.4082408241,9.2814426086
2.4092409241,9.7576880391
2.4102410241,8.9440541012
2.4112411241,8.9615918813
2.4122412241,10.7423242800
2.4132413241,8.3689479082
2.4142414241,9.1308580010
2.4152415242,9.9906294360
2.4162416242,9.7576344292
2.4172417242,9.1156643357
2.4182418242,10.0345398330
2.4192419242,8.5406924577
2.4202420242,9.1658155384
2.4212421242,7.7275358965
2.4222422242,9.5743651516
2.4232423242,9.6220202335
2.4242424242,8.6966848740
2.4252425243,10.1728045050
2.4262426243,7.6302923197
2.4272427243,10.7572094736
2.4282428243,9.5562060829
2.4292429243,8.9498665348
2.4302430243,10.4099217368
2.4312431243,10.1300949551
2.4322432243,9.5415322692
2.4332433243,10.5104244238
2.4342434243,9.0093398225
2.4352435244,8.2321180326
2.4362436244,9.1824798181
2.4372437244,9.8862434839
2.4382438244,9.2129043395
2.4392439244,10.1081081450
2.4402440244,9.0647276849
2.4412441244,7.9605135377
2.4422442244,9.7813700810
2.4432443244,8.9917550526
2.4442444244,9.4586461601
2.4452445245,9.1541439996
2.4462446245,9.2111078193
2.4472447245,9.7289664532
2.4482448245,8.6570518695
2.4492449245,10.3554628622
2.4502450245,8.4786001324
2.4512451245,8.1439971039
2.4522452245,11.4091530235
2.4532453245,7.9740934102
2.4542454245,9.8332624925
2.4552455246,9.2207610485
2.4562456246,9.7331933868
2.4572457246,9.6583380197
2.4582458246,8.1886262648
2.4592459246,10.4561273603
2.4602460246,11.4625124457
2.4612461246,9.6385043579
2.4622462246,9.5955747024
2.4632463246,8.6983540821
2.4642464246,9.6187750720
2.4652465247,8.6225798996
2.4662466247,10.3261766683
2.4672467247,8.1052540951
2.4682468247,8.9669381411
2.4692469247,9.4786794361
2.4702470247,9.2435894723
2.4712471247,8.9468970491
2.4722472247,10.2105576992
2.4732473247,8.5094572916
2.4742474247,9.6966245023
2.4752475248,10.2559078566
2.4762476248,10.3352360948
2.4772477248,8.3242525287
2.4782478248,8.6672396230
2.4792479248,9.1048048447
2.4802480248,10.2907815173
2.4812481248,8.2946981082
2.4822482248,10.5490014074
2.4832483248,9.2028828108
2.4842484248,10.0199927197
2.4852485249,10.1934961286
2.4862486249,9.8503961122
2.4872487249,12.1161888548
2.4882488249,8.4256137311
2.4892489249,9.1980677860
2.4902490249,9.4714659811
2.4912491249,9.8788431816
2.4922492249,10.0591813424
2.4932493249,9.7308287165
2.4942494249,9.3723812090
2.4952495250,9.3116426658
2.4962496250,10.3218548640
2.4972497250,6.5342315975
2.4982498250,8.6212707425
2.4992499250,10.3277583649
2.5002500250,9.6320688781
2.5012501250,10.9327849423
2.5022502250,9.2759044471
2.5032503250,9.6538183519
2.5042504250,9.4797723761
2.5052505251,10.9225678488
2.5062506251,8.6700889131
2.5072507251,9.5442270714
2.5082508251,9.1905852369
2.5092509251,9.4380795860
2.5102510251,11.0352358524
2.5112511251,9.1292911543
2.5122512251,10.9228860951
2.5132513251,9.1939908140
2.5142514251,9.7388084195
2.5152515252,10.6192750952
2.5162516252,7.4285191721
2.5172517252,10.0284784199
2.5182518252,11.1763820934
2.5192519252,10.2961614220
2.5202520252,7.6175881064
2.5212521252,9.9637030448
2.5222522252,10.2900777818
2.5232523252,8.5754258806
2.5242524252,8.7291550544
2.5252525253,6.6720235139
2.5262526253,8.4172707998
2.5272527253,10.1678168799
2.5282528253,9.3995238146
2.5292529253,9.8904305934
2.5302530253,9.7062306364
2.5312531253,10.5397770860
2.5322532253,10.0430297396
2.5332533253,10.0045618224
2.5342534253,10.2566095670
2.5352535254,10.0099102512
2.5362536254,11.2273399065
2.5372537254,9.8244606355
2.5382538254,8.5062064990
2.5392539254,10.0455093003
2.5402540254,8.8810465962
2.5412541254,9.9639554076
2.5422542254,10.1229724397
2.5432543254,9.0879467861
2.5442544254,9.9486591215
2.5452545255,9.3827108289
2.5462546255,8.1782439713
2.5472547255,11.4099471250
2.5482548255,9.7453498258
2.5492549255,9.5284292544
2.5502550255,8.9800079541
2.5512551255,11.0922310211
2.5522552255,8.7675916628
2.5532553255,8.7507486475
2.5542554255,8.7650934818
2.5552555256,11.3666742726
2.5562556256,9.5533362867
2.5572557256,11.7980231601
2.5582558256,9.9139860727
2.5592559256,9.3141009786
2.5602560256,11.2114653407
2.5612561256,8.2334132187
2.5622562256,9.6968384394
2.5632563256,8.9793910415
2.5642564256,12.0688890799
2.5652565257,9.1705327910
2.5662566257,10.0496771845
2.5672567257,8.8013795819
2.5682568257,8.6888035989
2.5692569257,8.2007603960
2.5702570257,9.4823997945
2.5712571257,9.6743496236
2.5722572257,9.6414513316
2.5732573257,10.9499828167
2.5742574257,8.5288814881
2.5752575258,10.4415109170
2.5762576258,8.3970586241
2.5772577258,11.2569116952
2.5782578258,7.7386065334
2.5792579258,11.1965626621
2.5802580258,9.7951357853
2.5812581258,10.4131220175
2.5822582258,9.4091317758
2.5832583258,8.5874400881
2.5842584258,8.5319006648
2.5852585259,9.7288812719
2.5862586259,9.9149000651
2.5872587259,9.6743630561
2.5882588259,10.8751373779
2.5892589259,10.9488131920
2.5902590259,9.9934987309
2.5912591259,9.7715083915
2.5922592259,10.7522002797
2.5932593259,9.7233150648
2.5942594259,12.0192189375
2.5952595260,10.3262853344
2.5962596260,9.2640674842
2.5972597260,9.2083756999
2.5982598260,9.4392712678
2.5992599260,10.1770823340
2.6002600260,11.2265514785
2.6012601260,8.9597558310
2.6022602260,9.0064555460
2.6032603260,8.8692728532
2.6042604260,9.1364869805
2.6052605261,10.8167582087
2.6062606261,11.9647337597
2.6072607261,10.3604388625
2.6082608261,8.2188904849
2.6092609261,10.2040208153
2.6102610261,8.5645432435
2.6112611261,10.8139138759
2.6122612261,7.8274178796
2.6132613261,10.1408672680
2.6142614261,9.6875237274
2.6152615262,10.0052905061
2.6162616262,8.5090608996
2.6172617262,10.1613086402
2.6182618262,10.1385141016
2.6192619262,9.1165206450
2.6202620262,9.8224724136
2.6212621262,11.4135719440
2.6222622262,10.5016764515
2.6232623262,10.7520814011
2.6242624262,11.4003803531
2.6252625263,9.6580128538
2.6262626263,7.8801583877
2.6272627263,8.2976411796
2.6282628263,9.3132574879
2.6292629263,10.5698019936
2.6302630263,9.8483998866
2.6312631263,9.6222880891
2.6322632263,10.5689954150
2.6332633263,9.9996079145
2.6342634263,10.2484075094
2.6352635264,9.0057759633
2.6362636264,10.0463228730
2.6372637264,10.2738449798
2.6382638264,10.8571399331
2.6392639264,11.0607106580
2.6402640264,10.7312810979
2.6412641264,11.0916747086
2.6422642264,12.9862752082
2.6432643264,9.9098585994
2.6442644264,10.4303268174
2.6452645265,9.6381232617
2.6462646265,11.2371222952
2.6472647265,10.6129710584
2.6482648265,8.0607281063
2.6492649265,11.8858576277
2.6502650265,11.3015493207
2.6512651265,8.5482304369
2.6522652265,10.4212716822
2.6532653265,9.3857802190
2.6542654265,9.9724634523
2.6552655266,10.6425548406
2.6562656266,9.3821287446
2.6572657266,10.8014547799
2.6582658266,11.2438059802
2.6592659266,10.7734634634
2.6602660266,12.3637593025
2.6612661266,9.8400769077
2.6622662266,10.0521324612
2.6632663266,10.4792523469
2.6642664266,11.6821123391
2.6652665267,11.2749560657
2.6662666267,9.4753170878
2.6672667267,10.0602990378
2.6682668267,12.7169498707
2.6692669267,10.6424498407
2.6702670267,9.2779101021
2.6712671267,11.7655348140
2.6722672267,10.4999119896
2.6732673267,8.5152244297
2.6742674267,9.6371862929
2.6752675268,12.1229790848
2.6762676268,10.9539510111
2.6772677268,7.9708428923
2.6782678268,10.2517378495
2.6792679268,11.0200808171
2.6802680268,9.6011955043
2.6812681268,9.2097139475
2.6822682268,11.0562155234
2.6832683268,10.1800573082
2.6842684268,9.5547683749
2.6852685269,11.0137213020
2.6862686269,9.9798906557
2.6872687269,10.7452296483
2.6882688269,8.0574977013
2.6892689269,10.2825376083
2.6902690269,10.8128153934
2.6912691269,10.1773682922
2.6922692269,9.0569000169
2.6932693269,10.1853509093
2.6942694269,9.2836240700
2.6952695270,10.1828209376
2.6962696270,9.0278908831
2.6972697270,12.5278054889
2.6982698270,12.1618595276
2.6992699270,10.3041335090
2.7002700270,11.3782204281
2.7012701270,10.4355690340
2.7022702270,10.4676680632
2.7032703270,10.9728518812
2.7042704270,9.0573465225
2.7052705271,10.0951200662
2.7062706271,11.2848047256
2.7072707271,11.2799013905
2.7082708271,10.3194377868
2.7092709271,9.0224717854
2.7102710271,9.3388723139
2.7112711271,10.8565333669
2.7122712271,10.9150356911
2.7132713271,9.6357975384
2.7142714271,9.6254917215
2.7152715272,11.1211191491
2.7162716272,9.0763192253
2.7172717272,9.3874118873
2.7182718272,10.1947640425
2.7192719272,10.2701654755
2.7202720272,9.3843016803
2.7212721272,9.5571027323
2.7222722272,11.1311544964
2.7232723272,10.8714397420
2.7242724272,8.1533191145
2.7252725273,10.2368968456
2.7262726273,10.7819515100
2.7272727273,11.0566495720
2.7282728273,10.3152183740
2.7292729273,10.8389268281
2.7302730273,9.4851531260
2.7312731273,10.6234252347
2.7322732273,9.0507571059
2.7332733273,9.3371081033
2.7342734273,11.1136955621
2.7352735274,10.1190594772
2.7362736274,8.5607584561
2.7372737274,10.1111392948
2.7382738274,10.1921665855
2.7392739274,9.3767004148
2.7402740274,11.1516853961
2.7412741274,8.7790574746
2.7422742274,8.9091708604
2.7432743274,10.6767824242
2.7442744274,9.7977466315
2.7452745275,8.8873368566
2.7462746275,10.4023070169
2.7472747275,8.7588946558
2.7482748275,10.9588092477
2.7492749275,9.3521487319
2.7502750275,12.1775762190
2.7512751275,11.3326817806
2.7522752275,9.9957962920
2.7532753275,9.3451058206
2.7542754275,11.3150228296
2.7552755276,8.6403900214
2.7562756276,11.6732212643
2.7572757276,9.2171577381
2.7582758276,9.7999154352
2.7592759276,10.3384437926
2.7602760276,10.0123061302
2.7612761276,11.0906532840
2.7622762276,9.5254868129
2.7632763276,10.9244935541
2.7642764276,10.5001869574
2.7652765277,9.7278152319
2.7662766277,11.0182991554
2.7672767277,9.8024448466
2.7682768277,9.3207495662
2.7692769277,10.3386205386
2.7702770277,9.0919676048
2.7712771277,11.0842290363
2.7722772277,10.6723794964
2.7732773277,9.0853607779
2.7742774277,10.2229970510
2.7752775278,9.4115573595
2.7762776278,9.8193553223
2.7772777278,11.6679428660
2.7782778278,10.2478917471
2.7792779278,12.2819794352
2.7802780278,9.0177815144
2.7812781278,10.5863778543
2.7822782278,11.0269022118
2.7832783278,10.8509238702
2.7842784278,11.3073566437
2.7852785279,10.3006101099
2.7862786279,9.6600413991
2.7872787279,11.0630458677
2.7882788279,10.0463174447
2.7892789279,10.5795514125
2.7902790279,9.6212353269
2.7912791279,9.7529280635
2.7922792279,9.1455410090
2.7932793279,10.6460247643
2.7942794279,10.1824557739
2.7952795280,11.6800620291
2.7962796280,9.7947193859
2.7972797280,10.8079649804
2.7982798280,8.2976853306
2.7992799280,10.2489893917
2.8002800280,11.0956407324
2.8012801280,10.4474384199
2.8022802280,10.2946798391
2.8032803280,10.1213251404
2.8042804280,10.9744877512
2.8052805281,11.8700804523
2.8062806281,8.7775230053
2.8072807281,11.1521137157
2.8082808281,10.3224361510
2.8092809281,12.4129461074
2.8102810281,11.1920862674
2.8112811281,10.3455262193
2.8122812281,12.1796122520
2.8132813281,11.9905572441
2.8142814281,11.3368823153
2.8152815282,9.3499583681
2.8162816282,10.7523502216
2.8172817282,10.9877351836
2.8182818282,8.5173457878
2.8192819282,7.6321066024
2.8202820282,9.7122326695
2.8212821282,11.3017486488
2.8222822282,10.5043889056
2.8232823282,10.7241791207
2.8242824282,9.3012431007
2.8252825283,11.5267762947
2.8262826283,10.6178057163
2.8272827283,10.5664061187
2.8282828283,9.9039649994
2.8292829283,10.6614131429
2.8302830283,10.4889531024
2.8312831283,10.5643183138
2.8322832283,9.7447594600
2.8332833283,10.0498843349
2.8342834283,10.3193347619
2.8352835284,10.6958200750
2.8362836284,10.7849958229
2.8372837284,10.1459381981
2.8382838284,10.2326114153
2.8392839284,10.8787310401
2.8402840284,12.9544151078
2.8412841284,11.5475349685
2.8422842284,10.6781112190
2.8432843284,11.5625299434
2.8442844284,10.2985693985
2.8452845285,10.6077577636
2.8462846285,8.7395958083
2.8472847285,9.4700754118
2.8482848285,10.2123139902
2.8492849285,8.6773368550
2.8502850285,10.5987708468
2.8512851285,9.4982394982
2.8522852285,11.1473742441
2.8532853285,10.3572054436
2.8542854285,10.7781328358
2.8552855286,9.0235732359
2.8562856286,11.0925794019
2.8572857286,10.9684695699
2.8582858286,12.4515906982
2.8592859286,10.0968003271
2.8602860286,9.8399567101
2.8612861286,9.0517361220
2.8622862286,9.4935904082
2.8632863286,8.7119742098
2.8642864286,9.1839546246
2.8652865287,11.3772425614
2.8662866287,9.0693596262
2.8672867287,10.8559161904
2.8682868287,9.9279013758
2.8692869287,12.7947038769
2.8702870287,9.5286447402
2.8712871287,11.7159941291
2.8722872287,10.5544377928
2.8732873287,8.0853517377
2.8742874287,10.0726609777
2.8752875288,11.8585512516
2.8762876288,10.5569561320
2.8772877288,11.4441287944
2.8782878288,10.2312941432
2.8792879288,9.3310888920
2.8802880288,10.1171429995
2.8812881288,8.3817755810
2.8822882288,11.4332423379
2.8832883288,10.0448592426
2.8842884288,10.0661991804
2.8852885289,12.3500966654
2.8862886289,11.2339659232
2.8872887289,11.3915104443
2.8882888289,12.5467852985
2.8892889289,11.1989283843
2.8902890289,11.0395468242
2.8912891289,9.7557092434
2.8922892289,10.4304064426
2.8932893289,10.1565598329
2.8942894289,9.1396525434
2.8952895290,11.3996505704
2.8962896290,10.0171771822
2.8972897290,10.4557725116
2.8982898290,10.8067019290
2.8992899290,11.8365564498
2.9002900290,12.3234531845
2.9012901290,10.0633711679
2.9022902290,12.6454815425
2.9032903290,10.5460299026
2.9042904290,10.7450938483
2.9052905291,9.9179855278
2.9062906291,10.8891956296
2.9072907291,10.5916838708
2.9082908291,9.9929413367
2.9092909291,11.0568011398
2.9102910291,10.5017222184
2.9112911291,10.3445340274
2.9122912291,13.5601918984
2.9132913291,10.7738396463
2.9142914291,11.5882225832
2.9152915292,11.5355423629
2.9162916292,11.2417839477
2.9172917292,11.9926319520
2.9182918292,12.3406908200
2.9192919292,10.2594233215
2.9202920292,11.2228138911
2.9212921292,9.0997784996
2.9222922292,12.4326985510
2.9232923292,11.3797674148
2.9242924292,10.3628176034
2.9252925293,9.0963218836
2.9262926293,12.5521005367
2.9272927293,12.0700432760
2.9282928293,10.2933118602
2.9292929293,10.9218640073
2.9302930293,9.7683587059
2.9312931293,9.2020854011
2.9322932293,10.1856879386
2.9332933293,12.0259569403
2.9342934293,11.8379346487
2.9352935294,12.1218959807
2.9362936294,11.9591161728
2.9372937294,11.4680590127
2.9382938294,11.0794296183
2.9392939294,12.1396350719
2.9402940294,9.5763222708
2.9412941294,10.7024074470
2.9422942294,11.5062790992
2.9432943294,11.1242901971
2.9442944294,10.9444030445
2.9452945295,9.5450448502
2.9462946295,11.0046494913
2.9472947295,11.6717999955
2.9482948295,11.0726782176
2.9492949295,9.4492714464
2.9502950295,10.9212492031
2.9512951295,10.8333553936
2.9522952295,10.2952326913
2.9532953295,10.1325203733
2.9542954295,10.8020598513
2.9552955296,9.5631749881
2.9562956296,10.6868744385
2.9572957296,9.7625938206
2.9582958296,11.4111590393
2.9592959296,9.1165679010
2.9602960296,9.4917260310
2.9612961296,11.6715294734
2.9622962296,9.6520250885
2.9632963296,11.9340231219
2.9642964296,9.4165733482
2.9652965297,13.7061714440
2.9662966297,12.2451635851
2.9672967297,10.8252536152
2.9682968297,11.7854792423
2.9692969297,11.4696872353
2.9702970297,10.1958840646
2.9712971297,11.3122489881
2.9722972297,12.5898094845
2.9732973297,12.0597778036
2.9742974297,12.6709988243
2.9752975298,10.6369212151
2.9762976298,9.0847627426
2.9772977298,10.1395552151
2.9782978298,10.4043049213
2.9792979298,10.9295792432
2.9802980298,13.1609818818
2.9812981298,11.2971894993
2.9822982298,10.8750558124
2.9832983298,12.2500946484
2.9842984298,9.6615495116
2.9852985299,9.4609693504
2.9862986299,12.2994553410
2.9872987299,11.2755126861
2.9882988299,12.3162758630
2.9892989299,12.1221321199
2.9902990299,10.4431358063
2.9912991299,11.9614519189
2.9922992299,10.1476681329
2.9932993299,12.0861536193
2.9942994299,9.3194644866
2.9952995300,11.2246105918
2.9962996300,9.1211976619
2.9972997300,10.8687868714
2.9982998300,12.4795609466
2.9992999300,11.4232560017
3.0003000300,11.1357608242
3.0013001300,10.8603723832
3.0023002300,11.9864507859
3.0033003300,10.8836920704
3.0043004300,10.1443997340
3.0053005301,10.7774822036
3.0063006301,10.5925468012
3.0073007301,12.1954544214
3.0083008301,12.4311303237
3.0093009301,10.9917887764
3.0103010301,9.6316213849
3.0113011301,10.4076579567
3.0123012301,9.8228429917
3.0133013301,11.9986369993
3.0143014301,10.4476403703
3.0153015302,11.9568658488
3.0163016302,12.3531423741
3.0173017302,10.9045348042
3.0183018302,12.7393289012
3.0193019302,11.8783608748
3.0203020302,11.1682649978
3.0213021302,9.8218345670
3.0223022302,11.0562719971
3.0233023302,11.0991333606
3.0243024302,12.0756034507
3.0253025303,10.1849191571
3.0263026303,10.8435532939
3.0273027303,11.2367893962
3.0283028303,11.3412445048
3.0293029303,10.0157090161
3.0303030303,11.7126143604
3.0313031303,10.3820844304
3.0323032303,11.7541552349
3.0333033303,10.7593809091
3.0343034303,11.4804877249
3.0353035304,10.6134669363
3.0363036304,11.3881637118
3.0373037304,9.9806147092
3.0383038304,12.0768268403
3.0393039304,10.7131604245
3.0403040304,11.0385303618
3.0413041304,11.0382114518
3.0423042304,11.2469604821
3.0433043304,10.9123541033
3.0443044304,10.5957277174
3.0453045305,10.3852519644
3.0463046305,11.4755373010
3.0473047305,12.4995228978
3.0483048305,10.8889957179
3.0493049305,11.4357958208
3.0503050305,11.6702827679
3.0513051305,12.6584987425
3.0523052305,10.6190429508
3.0533053305,9.8341529645
3.0543054305,9.6530789889
3.0553055306,10.8448891224
3.0563056306,13.7792131084
3.0573057306,11.6580433677
3.0583058306,11.6279466310
3.0593059306,9.8119335984
3.0603060306,10.5472740279
3.0613061306,10.4678553444
3.0623062306,9.3337630714
3.0633063306,9.7934100293
3.0643064306,10.7345696161
3.0653065307,12.5366796590
3.0663066307,13.0855818719
3.0673067307,11.5500121410
3.0683068307,10.3374722826
3.0693069307,9.1471427896
3.0703070307,9.0588119244
3.0713071307,11.7765792223
3.0723072307,11.0730647500
3.0733073307,9.5839364892
3.0743074307,9.9172503175
3.0753075308,11.7498897454
3.0763076308,10.9396941874
3.0773077308,11.6234432638
3.0783078308,11.2687999241
3.0793079308,12.5008109384
3.0803080308,12.1791474668
3.0813081308,9.7666589818
3.0823082308,10.0718128689
3.0833083308,11.1192725906
3.0843084308,9.5502618581
3.0853085309,11.2563703496
3.0863086309,9.6358690015
3.0873087309,10.5177867825
3.0883088309,11.0979721012
3.0893089309,12.4285775555
3.0903090309,11.1413823122
3.0913091309,12.0425598096
3.0923092309,12.4332993085
3.0933093309,12.5127878993
3.0943094309,11.1597044591
3.0953095310,10.1558285691
3.0963096310,12.5718254869
3.0973097310,11.2792632195
3.0983098310,13.0673217747
3.0993099310,9.5649070011
3.1003100310,10.5860085045
3.1013101310,10.9103848586
3.1023102310,11.0187995697
3.1033103310,9.7411416647
3.1043104310,11.0638765539
3.1053105311,12.1959159157
3.1063106311,11.9343264990
3.1073107311,11.7282391568
3.1083108311,10.6661832338
3.1093109311,10.9075473415
3.1103110311,12.2610428481
3.1113111311,9.9697104645
3.1123112311,11.8401597673
3.1133113311,11.4436517802
3.1143114311,10.6308827598
3.1153115312,10.5431594209
3.1163116312,13.9266450561
3.1173117312,10.7658666284
3.1183118312,12.3107220997
3.1193119312,10.1024775614
3.1203120312,11.0013286174
3.1213121312,11.5775617544
3.1223122312,10.1152702129
3.1233123312,10.8711789272
3.1243124312,10.8418984912
3.1253125313,12.3938483136
3.1263126313,12.7490362978
3.1273127313,10.2646564284
3.1283128313,11.9919403191
3.1293129313,10.6895530266
3.1303130313,12.8015376642
3.1313131313,11.2042750701
3.1323132313,11.3838622277
3.1333133313,11.4510442477
3.1343134313,12.7470357418
3.1353135314,12.5913038737
3.1363136314,11.3111542338
3.1373137314,11.2620752573
3.1383138314,12.1377338424
3.1393139314,11.8126216675
3.1403140314,12.9482823909
3.1413141314,13.7421648732
3.1423142314,11.4349189271
3.1433143314,12.0966080035
3.1443144314,9.8239086229
3.1453145315,11.9120929908
3.1463146315,12.5523759925
3.1473147315,11.3352044037
3.1483148315,10.0401549095
3.1493149315,11.4067687886
3.1503150315,11.7246006770
3.1513151315,11.6100714462
3.1523152315,10.3398830741
3.1533153315,11.4662803207
3.1543154315,11.1944153494
3.1553155316,13.5702887549
3.1563156316,10.9844792196
3.1573157316,12.8275815076
3.1583158316,11.3953486589
3.1593159316,12.9223455485
3.1603160316,12.0914406082
3.1613161316,11.6009817866
3.1623162316,10.5638575817
3.1633163316,13.1330877465
3.1643164316,9.9961558629
3.1653165317,11.7399206696
3.1663166317,12.7716010052
3.1673167317,11.5103728019
3.1683168317,10.9556226225
3.1693169317,11.6126920079
3.1703170317,12.5591099394
3.1713171317,12.3197528555
3.1723172317,14.0852167374
3.1733173317,11.0300606251
3.1743174317,13.0840475127
3.1753175318,10.6518531527
3.1763176318,11.0804924926
3.1773177318,11.0411585800
3.1783178318,12.1109133647
3.1793179318,11.0096898979
3.1803180318,11.3254309803
3.1813181318,12.7567505840
3.1823182318,11.0965350150
3.1833183318,11.8659916523
3.1843184318,11.5039737181
3.1853185319,12.2596523394
3.1863186319,10.9735367669
3.1873187319,8.9864873365
3.1883188319,12.0834516590
3.1893189319,9.6055372920
3.1903190319,11.0089444739
3.1913191319,13.7495540205
3.1923192319,10.8703726403
3.1933193319,11.4521894503
3.1943194319,10.6358289523
3.1953195320,12.3051568642
3.1963196320,10.1639551140
3.1973197320,12.3299655952
3.1983198320,11.8756712485
3.1993199320,12.1141561494
3.2003200320,10.8102706189
3.2013201320,11.2120456840
3.2023202320,11.2391999010
3.2033203320,10.6150785168
3.2043204320,13.7128853696
3.2053205321,12.2486994793
3.2063206321,9.0246053531
3.2073207321,13.4055715168
3.2083208321,12.5259151113
3.2093209321,11.1083908580
3.2103210321,10.1561784590
3.2113211321,12.1018298001
3.2123212321,13.1659375052
3.2133213321,11.4192445012
3.2143214321,10.2112500273
3.2153215322,12.0423344248
3.2163216322,11.7376142736
3.2173217322,12.3066326326
3.2183218322,11.6105078676
3.2193219322,11.2254435881
3.2203220322,13.1780147689
3.2213221322,11.0605795247
3.2223222322,11.5468957778
3.2233223322,11.9099295404
3.2243224322,13.2644705304
3.2253225323,13.4048282691
3.2263226323,11.1664895345
3.2273227323,11.7273704770
3.2283228323,11.7564454666
3.2293229323,11.9504121536
3.2303230323,11.3404712117
3.2313231323,11.8465015234
3.2323232323,11.5635193893
3.2333233323,11.8962437665
3.2343234323,12.4392711932
3.2353235324,10.1690215586
3.2363236324,10.8575477379
3.2373237324,11.9092038781
3.2383238324,12.3592875931
3.2393239324,10.6181143203
3.2403240324,12.0328761556
3.2413241324,10.5628262454
3.2423242324,12.1669244994
3.2433243324,9.7652517917
3.2443244324,10.4991699372
3.2453245325,11.4206433054
3.2463246325,12.5075063062
3.2473247325,11.7614958172
3.2483248325,12.2025467355
3.2493249325,13.9850640998
3.2503250325,13.3511135727
3.2513251325,10.2594407478
3.2523252325,11.7435308900
3.2533253325,11.1667329965
3.2543254325,9.9770563814
3.2553255326,11.8819327127
3.2563256326,12.2621621112
3.2573257326,12.8120169096
3.2583258326,12.9721488241
3.2593259326,14.3624520345
3.2603260326,10.6246880489
3.2613261326,10.1703444419
3.2623262326,12.9878753609
3.2633263326,11.9069915453
3.2643264326,12.2947943971
3.2653265327,11.9699440188
3.2663266327,11.3585346938
3.2673267327,12.3091091831
3.2683268327,11.8760164203
3.2693269327,12.0219428324
3.2703270327,9.9563479336
3.2713271327,10.5912854963
3.2723272327,12.4729892385
3.2733273327,13.3602429294
3.2743274327,12.9655523407
3.2753275328,11.9007244507
3.2763276328,11.8141798311
3.2773277328,12.1059927160
3.2783278328,12.1860155923
3.2793279328,9.1377103929
3.2803280328,12.0865666856
3.2813281328,11.6317756245
3.2823282328,11.9945132921
3.2833283328,10.8806187600
3.2843284328,11.5696587270
3.2853285329,10.7130923425
3.2863286329,12.7235134738
3.2873287329,11.6334027485
3.2883288329,12.4252391260
3.2893289329,11.9894304874
3.2903290329,12.1320445635
3.2913291329,10.7569455946
3.2923292329,9.0425626457
3.2933293329,11.5132188088
3.2943294329,11.1289797175
3.2953295330,11.1756750341
3.2963296330,13.5176104469
3.2973297330,11.5292860725
3.2983298330,13.4898689608
3.2993299330,13.3866957053
3.3003300330,11.4923245027
3.3013301330,12.6099628141
3.3023302330,11.6077556367
3.3033303330,10.4241386676
3.3043304330,10.6781965179
3.3053305331,11.6778219120
3.3063306331,13.6313748944
3.3073307331,12.1060338282
3.3083308331,12.4323556630
3.3093309331,11.8789557722
3.3103310331,11.8149139052
3.3113311331,11.7093262337
3.3123312331,11.7309161507
3.3133313331,11.6702914882
3.3143314331,12.5632602095
3.3153315332,10.9203833274
3.3163316332,13.6449126477
3.3173317332,11.9632457605
3.3183318332,10.4979009399
3.3193319332,11.7701875659
3.3203320332,12.7180135860
3.3213321332,11.2146324450
3.3223322332,11.3418118746
3.3233323332,11.0830603780
3.3243324332,11.6793064849
3.3253325333,10.9129874680
3.3263326333,11.4853290050
3.3273327333,12.3915186933
3.3283328333,12.9008930571
3.3293329333,11.6082404903
3.3303330333,12.7018599939
3.3313331333,12.3743773326
3.3323332333,13.2011546722
3.3333333333,14.3340016114
3.3343334333,13.9226304229
3.3353335334,12.2358633012
3.3363336334,12.2576500637
3.3373337334,11.7732736777
3.3383338334,12.1887651331
3.3393339334,12.6817696118
3.3403340334,11.1861807476
3.3413341334,12.1761616344
3.3423342334,13.0784271268
3.3433343334,11.0719282470
3.3443344334,12.5129984462
3.3453345335,11.0264347589
3.3463346335,14.0083219792
3.3473347335,12.7646966948
3.3483348335,12.8358051203
3.3493349335,11.5047819080
3.3503350335,11.8530924703
3.3513351335,11.3345193525
3.3523352335,13.2430432527
3.3533353335,11.6758932995
3.3543354335,14.3801170968
3.3553355336,12.8212610490
3.3563356336,12.6536527399
3.3573357336,12.4526780038
3.3583358336,13.2761143534
3.3593359336,12.1344369698
3.3603360336,12.0960861647
3.3613361336,12.4867497688
3.3623362336,10.4553621698
3.3633363336,12.3477527508
3.3643364336,12.2267298968
3.3653365337,11.3743962341
3.3663366337,12.8439204029
3.3673367337,12.2464696859
3.3683368337,12.5771772436
3.3693369337,13.4663071658
3.3703370337,12.7994488451
3.3713371337,12.7872079869
3.3723372337,11.6197615329
3.3733373337,12.2701942443
3.3743374337,11.0505932046
3.3753375338,11.7045023249
3.3763376338,12.2767417484
3.3773377338,15.0895939988
3.3783378338,12.2938755631
3.3793379338,12.1575772460
3.3803380338,12.7956344681
3.3813381338,13.0239974335
3.3823382338,11.2338451307
3.3833383338,12.3420680558
3.3843384338,12.3847414183
3.3853385339,11.7667790542
3.3863386339,12.1018784409
3.3873387339,12.9269680179
3.3883388339,12.8303476319
3.3893389339,11.2433545171
3.3903390339,13.6668721161
3.3913391339,12.0031168465
3.3923392339,11.3505695982
3.3933393339,12.3269342164
3.3943394339,13.3174855569
3.3953395340,13.1190808878
3.3963396340,13.1320747722
3.3973397340,10.5034115841
3.3983398340,12.6349872579
3.3993399340,13.3224588943
3.4003400340,12.2453289580
3.4013401340,11.0212468089
3.4023402340,13.3063325153
3.4033403340,13.1380279170
3.4043404340,10.6264258702
3.4053405341,12.9681559826
3.4063406341,10.8474455911
3.4073407341,12.5751922951
3.4083408341,12.2024941158
3.4093409341,11.9140238622
3.4103410341,13.7661573035
3.4113411341,13.0756955815
3.4123412341,13.2530271224
3.4133413341,10.6743997727
3.4143414341,12.7576807403
3.4153415342,13.6179055265
3.4163416342,12.3393838116
3.4173417342,13.3314090572
3.4183418342,13.4067438783
3.4193419342,12.9151739383
3.4203420342,12.7911980254
3.4213421342,12.4100879309
3.4223422342,12.7555482214
3.4233423342,13.3940287445
3.4243424342,12.6323174130
3.4253425343,12.4853082006
3.4263426343,10.9528394819
3.4273427343,14.0524388252
3.4283428343,12.3464565558
3.4293429343,12.9444062824
3.4303430343,12.4341938608
3.4313431343,12.8156278314
3.4323432343,11.4929311945
3.4333433343,12.0605672450
3.4343434343,12.5647517247
3.4353435344,10.5782496216
3.4363436344,10.7601892978
3.4373437344,13.0890602380
3.4383438344,13.4877610679
3.4393439344,9.1124909846
3.4403440344,13.8323737583
3.4413441344,12.4498219646
3.4423442344,11.6832531458
3.4433443344,12.3206049514
3.4443444344,11.0450662595
3.4453445345,11.8542281927
3.4463446345,15.0460974173
3.4473447345,9.2809922688
3.4483448345,11.6469590766
3.4493449345,11.4614204276
3.4503450345,10.9009257786
3.4513451345,11.2340638523
3.4523452345,11.0465914651
3.4533453345,14.0442057625
3.4543454345,10.8345743558
3.4553455346,13.0169944313
3.4563456346,12.8753487015
3.4573457346,14.0736225637
3.4583458346,12.9738239316
3.4593459346,11.3742166690
3.4603460346,10.4863662895
3.4613461346,11.5956872795
3.4623462346,10.5042918063
3.4633463346,14.0048761640
3.4643464346,10.7931610299
3.4653465347,12.4627928755
3.4663466347,13.9969481653
3.4673467347,13.0883097835
3.4683468347,12.6414908946
3.4693469347,13.4904970736
3.4703470347,14.3899695163
3.4713471347,13.1262995938
3.4723472347,12.1758644910
3.4733473347,12.9968806033
3.4743474347,11.4911782575
3.4753475348,11.5830621854
3.4763476348,12.6109973004
3.4773477348,13.8865053891
3.4783478348,12.6333471560
3.4793479348,13.7487202930
3.4803480348,11.9447163289
3.4813481348,12.9088838041
3.4823482348,13.1804487367
3.4833483348,13.3161478076
3.4843484348,12.8959954872
3.4853485349,10.8807881771
3.4863486349,10.3726898230
3.4873487349,11.0966723301
3.4883488349,11.7446877974
3.4893489349,11.3731164131
3.4903490349,11.8935152624
3.4913491349,11.7950067097
3.4923492349,12.4611833416
3.4933493349,13.8698870954
3.4943494349,10.8634592045
3.4953495350,12.2186075426
3.4963496350,11.6281490321
3.4973497350,12.4529312333
3.4983498350,12.1629671020
3.4993499350,11.8895054590
3.5003500350,11.8478671642
3.5013501350,11.6120177732
3.5023502350,11.9451380720
3.5033503350,12.0165707267
3.5043504350,11.4716855044
3.5053505351,13.4787263268
3.5063506351,14.0640730395
3.5073507351,12.2883159086
3.5083508351,11.6885436460
3.5093509351,12.4329640416
3.5103510351,11.8866606554
3.5113511351,13.3141638667
3.5123512351,14.2452121401
3.5133513351,13.0976642762
3.5143514351,10.7241599510
3.5153515352,12.1875781761
3.5163516352,11.4451757348
3.5173517352,13.1505824847
3.5183518352,13.8731888566
3.5193519352,11.8758005559
3.5203520352,11.0970219064
3.5213521352,11.6827084938
3.5223522352,12.6243282868
3.5233523352,12.5380541772
3.5243524352,12.7638112307
3.5253525353,12.3337911474
3.5263526353,12.5922852824
3.5273527353,12.9502322699
3.5283528353,12.4560784122
3.5293529353,13.5305934160
3.5303530353,12.2354662411
3.5313531353,12.0217147198
3.5323532353,13.9115788373
3.5333533353,11.8674741520
3.5343534353,13.5429863887
3.5353535354,14.6524010442
3.5363536354,12.6752943507
3.5373537354,11.5789243746
3.5383538354,12.1560973059
3.5393539354,11.4898278831
3.5403540354,14.2436508944
3.5413541354,12.5829099017
3.5423542354,13.9319249266
3.5433543354,13.0536459964
3.5443544354,12.1944907217
3.5453545355,12.7115988506
3.5463546355,13.9272392278
3.5473547355,13.6635906267
3.5483548355,12.9982063924
3.5493549355,13.2522604691
3.5503550355,12.1812815730
3.5513551355,10.9848802122
3.5523552355,12.6122586068
3.5533553355,13.0595500746
3.5543554355,13.8088632755
3.5553555356,13.2432591572
3.5563556356,11.3746174279
3.5573557356,13.3794183200
3.5583558356,14.0761785013
3.5593559356,13.3631486030
3.5603560356,13.2626347724
3.5613561356,13.5533116143
3.5623562356,12.8031044203
3.5633563356,13.1131177708
3.5643564356,12.6341481960
3.5653565357,12.0498151846
3.5663566357,11.5761830311
3.5673567357,13.4376663988
3.5683568357,14.7153193964
3.5693569357,12.2678360319
3.5703570357,13.8579785415
3.5713571357,12.5570835645
3.5723572357,12.0594315366
3.5733573357,14.2609070909
3.5743574357,13.0663904005
3.5753575358,12.7453359487
3.5763576358,12.8209201268
3.5773577358,9.9129571871
3.5783578358,13.1684449842
3.5793579358,12.4882127211
3.5803580358,12.6288724683
3.5813581358,12.4735152974
3.5823582358,12.4228396856
3.5833583358,12.6613758731
3.5843584358,13.1260974790
3.5853585359,12.9508165869
3.5863586359,12.5926575760
3.5873587359,13.1770460303
3.5883588359,12.8018379374
3.5893589359,13.3558848766
3.5903590359,11.6943345685
3.5913591359,13.2835965007
3.5923592359,12.8044305890
3.5933593359,12.4092398799
3.5943594359,13.6497235269
3.5953595360,13.0622544628
3.5963596360,12.9725839988
3.5973597360,12.8815833047
3.5983598360,12.9762368641
3.5993599360,11.9371823541
3.6003600360,12.0185416228
3.6013601360,12.4627469160
3.6023602360,11.8203896258
3.6033603360,13.5108173845
3.6043604360,12.1788953503
3.6053605361,12.0887539249
3.6063606361,12.9578842708
3.6073607361,10.2303172504
3.6083608361,12.8588564652
3.6093609361,13.7000611645
3.6103610361,11.4509382773
3.6113611361,14.2039624378
3.6123612361,13.4574411499
3.6133613361,12.2579372954
3.6143614361,13.5128063568
3.6153615362,12.0875863521
3.6163616362,14.1426767427
3.6173617362,12.3549178939
3.6183618362,12.6468747040
3.6193619362,12.5766814186
3.6203620362,13.9636785088
3.6213621362,13.2783256141
3.6223622362,13.3001993882
3.6233623362,13.6749208717
3.6243624362,13.6990157841
3.6253625363,12.7570371437
3.6263626363,13.3164651755
3.6273627363,14.2186661715
3.6283628363,12.7078242052
3.6293629363,13.8387829339
3.6303630363,13.3774903381
3.6313631363,13.1377833919
3.6323632363,11.3093196834
3.6333633363,12.7594568589
3.6343634363,12.8689432180
3.6353635364,11.8954428509
3.6363636364,13.1957931710
3.6373637364,14.7523367132
3.6383638364,13.6997336261
3.6393639364,13.1778014539
3.6403640364,12.1860190432
3.6413641364,11.4763798631
3.6423642364,12.7867194804
3.6433643364,13.4389368682
3.6443644364,12.4841080153
3.6453645365,14.2640337945
3.6463646365,13.3039641669
3.6473647365,13.2613576773
3.6483648365,13.2291008939
3.6493649365,12.8437413845
3.6503650365,13.4668390843
3.6513651365,12.2949162781
3.6523652365,13.2208847270
3.6533653365,12.8651524202
3.6543654365,13.9389154683
3.6553655366,12.0206057467
3.6563656366,11.5361935279
3.6573657366,12.6163859909
3.6583658366,12.2347514724
3.6593659366,11.6139051936
3.6603660366,13.3964231248
3.6613661366,13.8910222838
3.6623662366,13.7071094813
3.6633663366,13.4433271021
3.6643664366,14.7589218630
3.6653665367,12.1481642470
3.6663666367,13.9450276538
3.6673667367,13.4296960106
3.6683668367,12.0153813336
3.6693669367,12.0105147647
3.6703670367,12.8355196662
3.6713671367,13.1685651266
3.6723672367,15.0774629643
3.6733673367,13.5445367109
3.6743674367,13.6271969740
3.6753675368,13.7706631782
3.6763676368,12.8494699842
3.6773677368,12.9632022736
3.6783678368,14.9148560888
3.6793679368,12.7825652375
3.6803680368,13.0738367830
3.6813681368,12.7792799205
3.6823682368,12.4166373716
3.6833683368,14.2673669878
3.6843684368,13.6773759140
3.6853685369,11.5403399509
3.6863686369,11.4621593704
3.6873687369,13.2627750746
3.6883688369,11.0337690650
3.6893689369,12.8335193126
3.6903690369,13.6533433497
3.6913691369,13.8133400495
3.6923692369,13.6788844394
3.6933693369,14.5946191982
3.6943694369,13.3302479387
3.6953695370,14.6748568081
3.6963696370,13.1308373914
3.6973697370,12.5656933355
3.6983698370,14.2133596538
3.6993699370,11.1118315706
3.7003700370,14.4359323080
3.7013701370,13.3809929243
3.7023702370,12.4357599096
3.7033703370,14.5891168257
3.7043704370,12.2730833454
3.7053705371,14.3435814162
3.7063706371,12.7468862504
3.7073707371,13.9128612201
3.7083708371,13.5644282132
3.7093709371,14.0596650105
3.7103710371,13.4222107746
3.7113711371,12.5133623325
3.7123712371,11.5586365504
3.7133713371,13.9660086000
3.7143714371,13.5323031950
3.7153715372,13.8708803815
3.7163716372,13.3899908162
3.7173717372,12.7538758651
3.7183718372,12.1442739754
3.7193719372,13.9324454219
3.7203720372,12.7020383259
3.7213721372,12.6713115763
3.7223722372,12.2336308712
3.7233723372,12.8864772832
3.7243724372,12.3731139566
3.7253725373,11.6188362792
3.7263726373,13.3140543427
3.7273727373,13.7875495869
3.7283728373,12.8118136237
3.7293729373,12.6688357570
3.7303730373,14.8464170609
3.7313731373,12.8867394361
3.7323732373,12.6242091857
3.7333733373,14.6071324278
3.7343734373,12.9250822907
3.7353735374,12.7100004834
3.7363736374,13.0395683986
3.7373737374,11.9295825757
3.7383738374,11.7282402367
3.7393739374,15.1636271283
3.7403740374,12.1122694319
3.7413741374,11.0558618884
3.7423742374,12.7066292440
3.7433743374,15.4357001483
3.7443744374,13.2042134582
3.7453745375,12.2933739571
3.7463746375,14.6683371281
3.7473747375,14.2640508052
3.7483748375,15.6908681295
3.7493749375,11.6264363810
3.7503750375,12.9379410262
3.7513751375,14.9608817837
3.7523752375,12.9116215084
3.7533753375,14.3698774181
3.7543754375,12.9868108105
3.7553755376,13.5377449440
3.7563756376,12.9185334267
3.7573757376,12.2027493418
3.7583758376,13.9764220210
3.7593759376,12.9251818465
3.7603760376,13.2226064907
3.7613761376,13.7309699546
3.7623762376,14.3337660169
3.7633763376,14.1209698869
3.7643764376,12.4944425371
3.7653765377,14.1712537416
3.7663766377,13.8195997475
3.7673767377,12.5611587841
3.7683768377,14.0686082345
3.7693769377,13.4304401554
3.7703770377,13.3405162142
3.7713771377,14.5781595079
3.7723772377,15.3686193186
3.7733773377,11.8403398034
3.7743774377,13.4720517212
3.7753775378,14.1540091721
3.7763776378,13.2960281296
3.7773777378,12.5802734723
3.7783778378,13.6646206547
3.7793779378,13.2688620665
3.7803780378,13.2816448968
3.7813781378,13.1949071124
3.7823782378,14.4995329617
3.7833783378,14.7154630671
3.7843784378,12.8850259046
3.7853785379,12.5648670383
3.7863786379,12.2785788030
3.7873787379,14.6242266709
3.7883788379,12.1950425839
3.7893789379,12.8755328510
3.7903790379,14.2960764762
3.7913791379,15.1210100642
3.7923792379,15.2085716899
3.7933793379,12.0507481301
3.7943794379,12.4451237808
3.7953795380,12.5285331699
3.7963796380,13.5184309527
3.7973797380,13.5324166448
3.7983798380,14.8904187598
3.7993799380,14.2570676829
3.8003800380,14.0620747704
3.8013801380,13.6683524257
3.8023802380,14.2799605130
3.8033803380,13.6852814860
3.8043804380,13.3797642761
3.8053805381,12.3286348181
3.8063806381,12.6313308618
3.8073807381,13.1747368234
3.8083808381,12.5032028286
3.8093809381,14.3080124346
3.8103810381,11.8718525226
3.8113811381,12.8055075489
3.8123812381,13.2472120359
3.8133813381,12.2487894076
3.8143814381,13.6462051978
3.8153815382,13.8445824119
3.8163816382,14.6932627399
3.8173817382,14.8808997596
3.8183818382,14.0816491648
3.8193819382,11.9245915737
3.8203820382,11.9983317469
3.8213821382,14.3606305860
3.8223822382,13.4838207230
3.8233823382,15.0662437632
3.8243824382,12.5388003835
3.8253825383,14.3981686155
3.8263826383,14.7537329660
3.8273827383,12.8272048788
3.8283828383,12.0843204717
3.8293829383,13.6238799561
3.8303830383,13.2399530288
3.8313831383,12.2549697884
3.8323832383,13.3307021426
3.8333833383,13.3193755468
3.8343834383,14.1755997159
3.8353835384,14.1131664543
3.8363836384,13.9730446283
3.8373837384,14.6692049659
3.8383838384,14.4752015651
3.8393839384,13.1104180250
3.8403840384,13.7619293586
3.8413841384,14.2097465072
3.8423842384,13.4874493085
3.8433843384,12.0867635566
3.8443844384,13.1553322660
3.8453845385,14.1160658416
3.8463846385,13.1340480832
3.8473847385,14.4681290339
3.8483848385,13.6394182368
3.8493849385,13.8395630596
3.8503850385,13.2608678273
3.8513851385,14.7012995458
3.8523852385,14.6435292781
3.8533853385,14.3615280004
3.8543854385,11.7844943892
3.8553855386,12.3574722596
3.8563856386,13.6763891949
3.8573857386,13.9904310807
3.8583858386,12.9174737587
3.8593859386,13.5159335385
3.8603860386,14.7045453654
3.8613861386,13.2380147352
3.8623862386,15.2889095292
3.8633863386,10.8417664963
3.8643864386,14.4358326152
3.8653865387,12.5734884710
3.8663866387,13.4241934491
3.8673867387,14.4586334545
3.8683868387,13.4396170601
3.8693869387,14.2719172452
3.8703870387,15.1729356847
3.8713871387,13.0470028557
3.8723872387,13.0885697027
3.8733873387,12.6454693934
3.8743874387,12.5749443685
3.8753875388,13.6558663340
3.8763876388,15.2612907331
3.8773877388,12.9953957007
3.8783878388,12.8119451145
3.8793879388,13.1215826741
3.8803880388,12.9428108972
3.8813881388,15.2874617471
3.8823882388,12.0049746751
3.8833883388,14.5962716576
3.8843884388,13.8936475992
3.8853885389,13.7844503397
3.8863886389,12.0399474820
3.8873887389,14.6911193437
3.8883888389,14.0830214402
3.8893889389,13.9091097146
3.8903890389,12.3817990132
3.8913891389,13.7688064825
3.8923892389,14.6353108418
3.8933893389,13.2989557961
3.8943894389,14.0398269501
3.8953895390,14.1130888716
3.8963896390,14.8451705283
3.8973897390,12.7455986624
3.8983898390,12.8320885277
3.8993899390,13.8098080381
3.9003900390,14.7761185323
3.9013901390,14.8078703765
3.9023902390,13.5927797551
3.9033903390,12.8662890028
3.9043904390,14.8778339756
3.9053905391,13.2014289563
3.9063906391,14.8778827522
3.9073907391,13.2980833224
3.9083908391,14.0636130011
3.9093909391,12.3571875430
3.9103910391,13.6806958568
3.9113911391,13.9309108339
3.9123912391,13.3640113955
3.9133913391,12.0868895676
3.9143914391,14.2637537154
3.9153915392,14.5948172965
3.9163916392,14.8969737982
3.9173917392,12.7814677542
3.9183918392,14.6400909278
3.9193919392,14.0216114661
3.9203920392,13.2482659460
3.9213921392,13.8450052942
3.9223922392,13.4717953514
3.9233923392,12.6795925166
3.9243924392,15.7105148853
3.9253925393,11.4471527828
3.9263926393,14.1002095664
3.9273927393,14.2338454398
3.9283928393,13.8782678939
3.9293929393,14.4070314714
3.9303930393,12.1380304669
3.9313931393,13.3840884694
3.9323932393,15.0283991468
3.9333933393,11.9543157497
3.9343934393,13.4295015548
3.9353935394,14.2487897119
3.9363936394,12.9648462773
3.9373937394,12.9261900136
3.9383938394,13.7982417535
3.9393939394,14.4664715710
3.9403940394,11.2170431280
3.9413941394,12.5076665281
3.9423942394,13.1681568926
3.9433943394,12.3650647975
3.9443944394,14.7780135587
3.9453945395,14.6860787609
3.9463946395,12.2999723767
3.9473947395,14.1638741692
3.9483948395,12.8467823568
3.9493949395,12.8163694167
3.9503950395,13.3532758636
3.9513951395,14.7373986282
3.9523952395,13.6934098027
3.9533953395,14.1058599481
3.9543954395,15.3589848207
3.9553955396,13.6222037893
3.9563956396,15.3501566829
3.9573957396,15.8017382554
3.9583958396,14.2079018577
3.9593959396,11.5120122375
3.9603960396,13.6006103556
3.9613961396,14.4108728708
3.9623962396,15.3384942381
3.9633963396,13.4892071551
3.9643964396,13.2028899797
3.9653965397,13.2875888047
3.9663966397,14.0364547666
3.9673967397,13.5981314507
3.9683968397,13.8958461683
3.9693969397,12.7995078083
3.9703970397,14.5779803462
3.9713971397,14.2640879064
3.9723972397,13.3582923962
3.9733973397,15.7330911292
3.9743974397,15.0384032992
3.9753975398,13.5200345442
3.9763976398,12.3837235588
3.9773977398,11.9778019385
3.9783978398,15.7441552447
3.9793979398,15.9492945540
3.9803980398,13.2298138828
3.9813981398,12.0725367433
3.9823982398,15.1989555836
3.9833983398,13.6943538140
3.9843984398,14.0195551187
3.9853985399,13.7629362721
3.9863986399,15.9668722610
3.9873987399,12.6860064577
3.9883988399,15.5336764794
3.9893989399,13.6306549617
3.9903990399,12.8536284544
3.9913991399,13.4907495652
3.9923992399,13.0785003222
3.9933993399,15.4077135566
3.9943994399,12.4854862978
3.9953995400,11.2587661857
3.9963996400,14.6216769663
3.9973997400,14.6150270735
3.9983998400,14.8571634219
3.9993999400,12.2219666974
4.0004000400,14.4774115694
4.0014001400,12.5649225467
4.0024002400,14.6426156284
4.0034003400,15.2761501615
4.0044004400,12.6373943307
4.0054005401,13.6490972168
4.0064006401,14.9635108580
4.0074007401,13.7775370581
4.0084008401,14.0021608820
4.0094009401,14.7769749229
4.0104010401,13.6015885744
4.0114011401,14.8741961548
4.0124012401,14.2254135278
4.0134013401,15.0759035983
4.0144014401,15.5382567236
4.0154015402,13.6358875019
4.0164016402,13.0713136877
4.0174017402,15.2138799527
4.0184018402,13.9338952865
4.0194019402,13.9135071539
4.0204020402,15.7666502902
4.0214021402,14.6149301148
4.0224022402,13.5761613709
4.0234023402,11.4073637643
4.0244024402,11.5596275469
4.0254025403,14.4482153402
4.0264026403,14.7101244359
4.0274027403,14.8517260996
4.0284028403,12.9499513845
4.0294029403,14.2696493721
4.0304030403,13.9576982246
4.0314031403,13.6570362987
4.0324032403,13.3312432666
4.0334033403,12.5981934581
4.0344034403,10.3723948582
4.0354035404,14.3626971630
4.0364036404,14.1799109985
4.0374037404,12.9138224224
4.0384038404,13.9002244220
4.0394039404,13.6008686363
4.0404040404,13.8558120676
4.0414041404,14.7780853304
4.0424042404,14.3933457686
4.0434043404,14.5994294284
4.0444044404,14.5993538505
4.0454045405,13.3765181343
4.0464046405,14.0332641318
4.0474047405,14.3048421274
4.0484048405,14.2051042476
4.0494049405,15.0135130390
4.0504050405,14.8420197192
4.0514051405,14.8982036426
4.0524052405,14.2603847884
4.0534053405,13.0539952018
4.0544054405,13.2486245625
4.0554055406,15.0775917040
4.0564056406,15.0763691687
4.0574057406,15.5069376660
4.0584058406,13.9542857134
4.0594059406,14.6911283113
4.0604060406,13.9549336272
4.0614061406,12.1283486826
4.0624062406,15.6370524839
4.0634063406,15.6737815676
4.0644064406,14.9385684877
4.0654065407,14.5657006866
4.0664066407,15.6713403995
4.0674067407,14.5306740302
4.0684068407,14.1886265336
4.0694069407,14.4848725017
4.0704070407,13.6180215085
4.0714071407,14.7119658770
4.0724072407,13.8478862957
4.0734073407,14.2368774592
4.0744074407,13.7512539136
4.0754075408,15.7563413568
4.0764076408,13.9091460699
4.0774077408,15.6101299552
4.0784078408,15.3618212946
4.0794079408,12.7006951621
4.0804080408,14.7753089431
4.0814081408,12.6846258128
4.0824082408,13.7081904466
4.0834083408,13.2186696439
4.0844084408,12.7178176431
4.0854085409,13.8209513917
4.0864086409,13.6508875487
4.0874087409,15.2917099687
4.0884088409,17.2539997979
4.0894089409,12.3561896799
4.0904090409,14.3503594872
4.0914091409,16.2523368928
4.0924092409,14.2271001075
4.0934093409,14.4735438050
4.0944094409,13.1093738055
4.0954095410,15.3864174375
4.0964096410,15.9434722798
4.0974097410,15.4067350513
4.0984098410,14.7008753958
4.0994099410,12.8438282036
4.1004100410,14.5730041841
4.1014101410,16.5277454838
4.1024102410,15.0628018785
4.1034103410,13.4300256025
4.1044104410,14.8983118002
4.1054105411,13.5864202031
4.1064106411,14.7698525356
4.1074107411,15.2354771177
4.1084108411,14.3144332210
4.1094109411,14.3759159565
4.1104110411,14.9336139180
4.1114111411,14.4796424448
4.1124112411,13.5993727236
4.1134113411,13.6301206211
4.1144114411,12.9660987663
4.1154115412,12.9544001649
4.1164116412,12.3515823744
4.1174117412,14.6312944356
4.1184118412,15.0027375762
4.1194119412,16.0606057075
4.1204120412,16.0708682962
4.1214121412,14.1135079442
4.1224122412,15.3400892708
4.1234123412,13.6626228350
4.1244124412,14.9756881535
4.1254125413,15.0291386415
4.1264126413,14.8142546661
4.1274127413,13.6168639553
4.1284128413,15.4595822340
4.1294129413,15.0611389691
4.1304130413,13.7863175050
4.1314131413,14.1817790011
4.1324132413,13.9647632137
4.1334133413,14.7390310245
4.1344134413,14.6806266739
4.1354135414,15.2928001712
4.1364136414,13.0804220984
4.1374137414,12.8708190387
4.1384138414,14.7792757774
4.1394139414,13.5669582779
4.1404140414,14.5865918215
4.1414141414,15.7780977118
4.1424142414,13.3211787358
4.1434143414,14.1981739299
4.1444144414,13.1294591729
4.1454145415,13.0622959146
4.1464146415,16.3817814909
4.1474147415,14.2363594079
4.1484148415,14.4747367972
4.1494149415,15.9326453253
4.1504150415,12.8409112902
4.1514151415,14.3861972583
4.1524152415,15.4291377550
4.1534153415,14.4008631786
4.1544154415,13.1485909576
4.1554155416,14.4552966480
4.1564156416,13.6053353074
4.1574157416,14.6059938363
4.1584158416,15.9187278193
4.1594159416,14.4145748960
4.1604160416,15.5553685369
4.1614161416,14.6857073318
4.1624162416,14.3783571771
4.1634163416,13.7755709840
4.1644164416,13.7054949221
4.1654165417,15.6532532119
4.1664166417,16.1207200093
4.1674167417,12.6871027899
4.1684168417,15.3913794398
4.1694169417,16.6333042234
4.1704170417,15.6600984645
4.1714171417,14.7790892085
4.1724172417,16.9136322310
4.1734173417,13.8067880331
4.1744174417,16.5060091895
4.1754175418,13.8875201650
4.1764176418,14.6911570424
4.1774177418,14.7842996517
4.1784178418,14.3848611831
4.1794179418,14.4047256802
4.1804180418,14.6995343422
4.1814181418,12.8312110151
4.1824182418,14.3803712211
4.1834183418,13.8868199253
4.1844184418,14.7552594793
4.1854185419,14.0853739612
4.1864186419,15.7062058635
4.1874187419,15.2660835638
4.1884188419,15.4725894849
4.1894189419,13.8515698942
4.1904190419,13.9754052178
4.1914191419,15.3342989118
4.1924192419,15.9518612664
4.1934193419,16.1466428895
4.1944194419,15.4135208311
4.1954195420,13.3931717742
4.1964196420,13.4651207974
4.1974197420,15.1331007142
4.1984198420,15.4726551045
4.1994199420,14.2571584070
4.2004200420,14.8831199879
4.2014201420,15.5289328528
4.2024202420,14.3465751370
4.2034203420,15.2377420332
4.2044204420,14.9374638734
4.2054205421,14.5720704046
4.2064206421,13.6429311776
4.2074207421,14.5756100608
4.2084208421,14.4166159569
4.2094209421,14.0642948361
4.2104210421,13.7752039182
4.2114211421,15.3941543426
4.2124212421,15.9671592761
4.2134213421,13.8676208962
4.2144214421,15.0010410288
4.2154215422,14.7628443490
4.2164216422,16.4316721094
4.2174217422,12.7445931604
4.2184218422,14.8789296743
4.2194219422,14.1906108478
4.2204220422,14.8526796959
4.2214221422,14.4217862028
4.2224222422,13.8757942988
4.2234223422,15.8173439778
4.2244224422,14.9173888241
4.2254225423,15.2686594877
4.2264226423,15.0605115896
4.2274227423,14.7831698610
4.2284228423,13.5647031148
4.2294229423,14.4754457012
4.2304230423,13.7617753001
4.2314231423,16.0412947485
4.2324232423,15.4619884030
4.2334233423,14.1510455637
4.2344234423,15.7199569552
4.2354235424,14.1665252569
4.2364236424,15.7339289001
4.2374237424,13.5120157152
4.2384238424,14.2954972181
4.2394239424,16.6084972764
4.2404240424,13.6666358098
4.2414241424,14.8277462120
4.2424242424,15.2925277758
4.2434243424,14.6795439892
4.2444244424,14.0592631177
4.2454245425,14.1619960562
4.2464246425,15.4379719363
4.2474247425,14.7775323660
4.2484248425,17.0193911748
4.2494249425,14.1040066766
4.2504250425,14.9196379363
4.2514251425,14.8809112975
4.2524252425,14.2828842218
4.2534253425,14.4497446900
4.2544254425,16.0686885724
4.2554255426,14.6774626230
4.2564256426,13.9358272928
4.2574257426,13.3038477106
4.2584258426,13.9983065053
4.2594259426,13.8404626402
4.2604260426,15.2643317711
4.2614261426,16.0899508117
4.2624262426,16.6626933954
4.2634263426,13.5896669696
4.2644264426,13.9671678310
4.2654265427,13.5125109358
4.2664266427,15.8720138700
4.2674267427,13.8465219249
4.2684268427,13.9871036190
4.2694269427,14.0591021593
4.2704270427,14.2678941015
4.2714271427,13.1831839507
4.2724272427,15.0523362319
4.2734273427,14.6614489733
4.2744274427,13.8561674892
4.2754275428,15.3717135653
4.2764276428,14.9711964676
4.2774277428,16.2708455147
4.2784278428,13.5589714193
4.2794279428,15.6392353645
4.2804280428,15.8201253740
4.2814281428,15.6640493812
4.2824282428,15.8005307980
4.2834283428,15.9527676240
4.2844284428,13.8000285039
4.2854285429,13.5780969541
4.2864286429,15.9866332293
4.2874287429,14.9797376944
4.2884288429,16.3365866054
4.2894289429,13.8770098624
4.2904290429,15.2715418699
4.2914291429,15.1248173391
4.2924292429,12.1110412741
4.2934293429,15.7454126831
4.2944294429,14.8331657503
4.2954295430,15.3537564732
4.2964296430,14.2603911322
4.2974297430,14.7041005459
4.2984298430,15.1985247971
4.2994299430,12.4774476013
4.3004300430,15.7031650145
4.3014301430,15.1816335512
4.3024302430,14.3806231619
4.3034303430,13.2986413974
4.3044304430,14.8653721191
4.3054305431,15.4103592503
4.3064306431,14.3308936997
4.3074307431,12.4637789288
4.3084308431,14.7277095424
4.3094309431,16.2371620466
4.3104310431,16.6489264247
4.3114311431,14.9000119043
4.3124312431,16.1526508425
4.3134313431,14.9475460296
4.3144314431,15.5529080980
4.3154315432,16.6902250585
4.3164316432,14.8208876289
4.3174317432,15.9170898442
4.3184318432,15.0363843236
4.3194319432,14.8124062227
4.3204320432,15.5561708386
4.3214321432,15.6611140650
4.3224322432,14.9930740806
4.3234323432,15.5483198272
4.3244324432,16.1433093895
4.3254325433,13.3322091336
4.3264326433,16.1114421951
4.3274327433,14.9958161302
4.3284328433,15.2961562876
4.3294329433,13.4437897864
4.3304330433,15.4230918498
4.3314331433,15.6132492718
4.3324332433,16.0252903146
4.3334333433,14.3318677362
4.3344334433,16.0576458902
4.3354335434,15.5908948045
4.3364336434,14.7304006661
4.3374337434,14.5337708284
4.3384338434,15.3043063264
4.3394339434,14.3217333039
4.3404340434,13.6335304544
4.3414341434,14.7438456943
4.3424342434,13.5792378761
4.3434343434,14.1240276902
4.3444344434,14.6473042205
4.3454345435,13.9551410146
4.3464346435,15.5411015814
4.3474347435,14.8491754106
4.3484348435,13.7619813222
4.3494349435,13.8484459788
4.3504350435,14.9931301299
4.3514351435,16.6180352212
4.3524352435,15.0995835279
4.3534353435,14.8910897495
4.3544354435,15.1852820682
4.3554355436,17.6164519203
4.3564356436,15.1115348785
4.3574357436,15.1305927995
4.3584358436,15.0634250140
4.3594359436,14.2024611603
4.3604360436,15.7509374861
4.3614361436,13.5926752405
4.3624362436,14.4099098078
4.3634363436,14.2803642943
4.3644364436,13.9365252313
4.3654365437,14.8897033438
4.3664366437,13.7959838241
4.3674367437,15.7134751830
4.3684368437,15.1754030536
4.3694369437,15.0660483185
4.3704370437,16.7206415172
4.3714371437,15.2597084569
4.3724372437,16.1629432904
4.3734373437,15.7810274199
4.3744374437,15.7917978675
4.3754375438,13.8331915157
4.3764376438,16.4183583887
4.3774377438,14.9775423213
4.3784378438,16.1166669213
4.3794379438,15.8776153040
4.3804380438,16.7585497661
4.3814381438,16.4071636186
4.3824382438,13.1728184286
4.3834383438,14.3033344764
4.3844384438,15.8715274986
4.3854385439,14.9414968508
4.3864386439,14.1930864465
4.3874387439,13.7572601413
4.3884388439,15.7190305021
4.3894389439,14.3786923686
4.3904390439,14.1102607203
4.3914391439,14.9992413723
4.3924392439,13.7115674584
4.3934393439,14.9411554984
4.3944394439,15.7647405715
4.3954395440,16.0342904146
4.3964396440,15.7273594766
4.3974397440,15.0772863618
4.3984398440,16.0202501291
4.3994399440,15.5092300337
4.4004400440,17.6320061647
4.4014401440,14.4647639062
4.4024402440,14.1899690190
4.4034403440,16.1202445863
4.4044404440,16.1370386402
4.4054405441,15.6134256171
4.4064406441,15.0406420386
4.4074407441,16.4480850021
4.4084408441,15.3091425661
4.4094409441,15.9459222746
4.4104410441,15.4365193730
4.4114411441,13.9033936032
4.4124412441,16.1386706293
4.4134413441,15.4307517035
4.4144414441,15.4901131468
4.4154415442,17.2873550658
4.4164416442,15.2257357598
4.4174417442,16.3272302048
4.4184418442,14.2938590697
4.4194419442,14.3644802049
4.4204420442,16.0380361107
4.4214421442,15.6372196559
4.4224422442,16.0821174636
4.4234423442,14.2595547584
4.4244424442,16.1621737790
4.4254425443,14.0984004825
4.4264426443,14.0992718283
4.4274427443,15.0998842002
4.4284428443,17.1434256189
4.4294429443,14.4630382743
4.4304430443,16.8435277177
4.4314431443,14.7550710960
4.4324432443,15.2119094241
4.4334433443,13.4765913847
4.4344434443,15.8898593094
4.4354435444,14.1838561715
4.4364436444,15.5505883931
4.4374437444,15.8645018846
4.4384438444,14.9744122676
4.4394439444,15.4717292005
4.4404440444,14.3198312347
4.4414441444,14.9147245274
4.4424442444,16.7436025235
4.4434443444,17.0147969731
4.4444444444,14.0286525374
4.4454445445,15.6399238014
4.4464446445,15.4917070493
4.4474447445,14.6053469191
4.4484448445,15.1464022636
4.4494449445,14.0330204096
4.4504450445,16.6595054206
4.4514451445,15.6038228225
4.4524452445,13.9736909455
4.4534453445,16.7795461762
4.4544454445,15.5533181093
4.4554455446,13.6250424186
4.4564456446,13.9972655255
4.4574457446,14.0306265688
4.4584458446,13.9006254281
4.4594459446,15.7915881974
4.4604460446,15.8340561982
4.4614461446,14.9686912813
4.4624462446,17.6629910187
4.4634463446,15.0141536248
4.4644464446,16.2649612021
4.4654465447,14.9548089286
4.4664466447,14.8039615725
4.4674467447,15.0779778787
4.4684468447,16.2537682473
4.4694469447,15.5255873258
4.4704470447,14.4138885715
4.4714471447,15.5094960784
4.4724472447,15.7121819530
4.4734473447,15.7126253241
4.4744474447,15.5067491537
4.4754475448,15.9698739967
4.4764476448,16.1009375307
4.4774477448,15.7781316256
4.4784478448,17.0718160480
4.4794479448,16.5444186465
4.4804480448,15.4012598204
4.4814481448,15.1150629492
4.4824482448,15.0444717385
4.4834483448,15.6568005912
4.4844484448,16.6949299009
4.4854485449,13.9490771562
4.4864486449,15.2383331773
4.4874487449,12.8805090366
4.4884488449,13.0890414412
4.4894489449,17.1278183919
4.4904490449,15.9134614579
4.4914491449,17.4677891664
4.4924492449,14.5512235999
4.4934493449,14.4398690928
4.4944494449,16.4762348803
4.4954495450,14.3925959501
4.4964496450,15.0090288650
4.4974497450,16.3990778221
4.4984498450,16.2859684111
4.4994499450,15.0804563285
4.5004500450,15.2992088714
4.5014501450,15.4364634345
4.5024502450,13.8430790487
4.5034503450,14.7488503221
4.5044504450,15.1704717823
4.5054505451,14.2801020499
4.5064506451,14.4289421734
4.5074507451,13.5867715102
4.5084508451,16.0483325811
4.5094509451,15.9252614996
4.5104510451,13.7138517588
4.5114511451,14.8120110380
4.5124512451,15.8905086705
4.5134513451,15.7863748540
4.5144514451,14.2258954762
4.5154515452,13.9105296605
4.5164516452,15.5696538740
4.5174517452,13.6575206669
4.5184518452,13.9615196455
4.5194519452,16.3613825614
4.5204520452,15.4917499605
4.5214521452,16.8932476704
4.5224522452,15.7363723651
4.5234523452,16.7131145945
4.5244524452,16.0831538466
4.5254525453,15.7171895378
4.5264526453,15.8978253815
4.5274527453,15.0022708451
4.5284528453,15.0129853176
4.5294529453,15.6652961467
4.5304530453,15.4653685714
4.5314531453,15.3668810119
4.5324532453,15.7734371137
4.5334533453,16.5582208395
4.5344534453,14.6725119056
4.5354535454,16.9320758139
4.5364536454,16.0028452564
4.5374537454,15.7842340166
4.5384538454,17.6292921149
4.5394539454,16.3788435667
4.5404540454,16.1455085671
4.5414541454,15.0883845895
4.5424542454,14.9168159268
4.5434543454,16.2821884073
4.5444544454,16.3455783229
4.5454545455,17.0464086397
4.5464546455,16.1133325375
4.5474547455,15.9601074219
4.5484548455,15.3099882466
4.5494549455,16.0478082313
4.5504550455,15.8676875854
4.5514551455,13.9537076989
4.5524552455,16.2312303504
4.5534553455,17.3746727374
4.5544554455,15.5968400893
4.5554555456,17.7242063161
4.5564556456,13.9387570007
4.5574557456,17.5749456106
4.5584558456,15.3369092850
4.5594559456,16.1553071582
4.5604560456,16.3976230646
4.5614561456,17.1931699071
4.5624562456,17.8576993490
4.5634563456,15.4208533735
4.5644564456,16.5115768132
4.5654565457,17.4608844703
4.5664566457,15.4216887753
4.5674567457,15.6889910272
4.5684568457,15.6911739474
4.5694569457,13.7978469599
4.5704570457,14.2315049545
4.5714571457,14.4623961558
4.5724572457,16.2083720687
4.5734573457,13.8958694681
4.5744574457,16.6930281761
4.5754575458,17.2958735924
4.5764576458,14.9899658378
4.5774577458,14.5537022575
4.5784578458,14.8421563375
4.5794579458,13.8267952433
4.5804580458,15.0123819908
4.5814581458,16.3088122686
4.5824582458,15.5414263061
4.5834583458,15.1089359568
4.5844584458,13.9598796864
4.5854585459,15.5935798090
4.5864586459,14.3583247086
4.5874587459,16.5857704576
4.5884588459,15.4584491725
4.5894589459,17.0610017448
4.5904590459,16.6101381972
4.5914591459,15.0593277298
4.5924592459,17.4962125260
4.5934593459,16.6459386397
4.5944594459,16.1851947408
4.5954595460,16.0475477974
4.5964596460,14.4655554325
4.5974597460,15.5544585111
4.5984598460,15.2436773228
4.5994599460,15.9064443249
4.6004600460,14.6725382920
4.6014601460,15.7633069745
4.6024602460,14.8907611878
4.6034603460,14.4486094817
4.6044604460,14.4842444392
4.6054605461,15.2542816256
4.6064606461,14.8884739330
4.6074607461,17.2094605063
4.6084608461,17.3298118250
4.6094609461,15.7073743038
4.6104610461,15.2466140538
4.6114611461,15.2762705244
4.6124612461,14.4434257737
4.6134613461,16.2791857266
4.6144614461,16.4738213503
4.6154615462,15.5448975565
4.6164616462,14.3703889196
4.6174617462,15.9895525143
4.6184618462,15.7226767827
4.6194619462,17.0944137852
4.6204620462,16.2529600390
4.6214621462,15.8149426846
4.6224622462,15.0244205865
4.6234623462,14.5338016330
4.6244624462,16.8916398463
4.6254625463,15.2852474981
4.6264626463,16.6653036293
4.6274627463,17.7048983922
4.6284628463,15.3482439012
4.6294629463,14.4920842618
4.6304630463,15.2445313013
4.6314631463,17.3628351281
4.6324632463,16.2767320783
4.6334633463,17.3775103278
4.6344634463,15.5709768325
4.6354635464,15.7172955366
4.6364636464,16.7950265740
4.6374637464,15.3994319623
4.6384638464,14.7734679534
4.6394639464,16.7730691382
4.6404640464,14.8692477208
4.6414641464,15.8906232332
4.6424642464,18.2723305286
4.6434643464,17.2557140116
4.6444644464,15.2067687755
4.6454645465,14.4285629261
4.6464646465,13.8178173467
4.6474647465,15.8549246863
4.6484648465,16.8544788358
4.6494649465,13.9644683142
4.6504650465,17.3471960275
4.6514651465,15.8992512639
4.6524652465,16.1137469879
4.6534653465,17.1172640268
4.6544654465,16.0030079755
4.6554655466,15.6375636493
4.6564656466,16.5751397568
4.6574657466,15.2981253454
4.6584658466,14.4201354731
4.6594659466,15.0255439576
4.6604660466,14.8095473740
4.6614661466,16.5515945129
4.6624662466,14.1647387217
4.6634663466,16.8181691390
4.6644664466,16.7344027339
4.6654665467,15.1519699897
4.6664666467,19.2584057513
4.6674667467,14.4633471080
4.6684668467,16.8021482295
4.6694669467,16.8270698089
4.6704670467,15.5864864980
4.6714671467,14.1807352554
4.6724672467,16.9995521791
4.6734673467,16.3731657996
4.6744674467,17.3063731832
4.6754675468,15.4000750919
4.6764676468,16.3758937783
4.6774677468,15.7008153042
4.6784678468,14.6896426032
4.6794679468,13.7366372410
4.6804680468,16.1178179846
4.6814681468,16.8510753440
4.6824682468,16.4685268427
4.6834683468,15.3246117230
4.6844684468,14.7970518239
4.6854685469,15.8428644608
4.6864686469,14.1945316395
4.6874687469,14.1673657022
4.6884688469,15.9464183296
4.6894689469,16.8394109567
4.6904690469,15.6790549430
4.6914691469,17.5214407055
4.6924692469,17.4704296567
4.6934693469,17.1104122417
4.6944694469,15.7965619529
4.6954695470,16.9541597405
4.6964696470,14.5958053926
4.6974697470,16.4308298887
4.6984698470,14.6237143818
4.6994699470,16.2432968480
4.7004700470,15.9623762432
4.7014701470,14.4192037113
4.7024702470,16.1116131421
4.7034703470,17.0381287277
4.7044704470,16.4474033164
4.7054705471,14.8257934264
4.7064706471,15.9168815755
4.7074707471,14.9268976821
4.7084708471,16.1477440362
4.7094709471,16.9374967786
4.7104710471,17.5219706156
4.7114711471,16.7708502707
4.7124712471,15.6538769859
4.7134713471,17.7262787184
4.7144714471,16.6756843029
4.7154715472,16.0664019668
4.7164716472,15.6257702381
4.7174717472,18.6925171358
4.7184718472,15.0688376692
4.7194719472,17.0187310714
4.7204720472,16.8736181750
4.7214721472,16.2797550245
4.7224722472,15.2022295876
4.7234723472,14.4189167653
4.7244724472,13.5304692708
4.7254725473,16.8623186095
4.7264726473,15.8113548605
4.7274727473,16.9834424366
4.7284728473,14.9955767225
4.7294729473,16.5976119935
4.7304730473,15.9881498196
4.7314731473,15.6729477182
4.7324732473,17.7465035166
4.7334733473,15.8483988839
4.7344734473,16.2355765489
4.7354735474,15.4836266527
4.7364736474,15.6693204045
4.7374737474,14.9276805986
4.7384738474,17.4887706536
4.7394739474,15.0878934938
4.7404740474,17.8022940197
4.7414741474,14.8366499776
4.7424742474,16.5059480415
4.7434743474,15.5196907944
4.7444744474,17.4275820642
4.7454745475,14.3629325768
4.7464746475,14.6235427686
4.7474747475,17.2915688020
4.7484748475,15.0496262290
4.7494749475,13.9289816112
4.7504750475,16.7081749360
4.7514751475,16.1898486393
4.7524752475,16.9228664573
4.7534753475,15.7737836242
4.7544754475,17.5462123096
4.7554755476,15.6631604553
4.7564756476,17.6035303727
4.7574757476,16.2555729903
4.7584758476,15.2309328274
4.7594759476,18.9260538832
4.7604760476,15.1164818568
4.7614761476,14.2907803779
4.7624762476,14.7729465375
4.7634763476,15.2460274634
4.7644764476,16.0472197706
4.7654765477,16.0209894562
4.7664766477,17.5234109109
4.7674767477,16.0036876529
4.7684768477,17.3494378128
4.7694769477,15.6940180562
4.7704770477,15.2737456597
4.7714771477,16.7075844418
4.7724772477,15.9227120293
4.7734773477,15.2125971763
4.7744774477,14.8202192540
4.7754775478,15.5521957366
4.7764776478,17.0447818616
4.7774777478,16.0322161209
4.7784778478,17.6137431968
4.7794779478,17.0881328498
4.7804780478,14.7986124940
4.7814781478,15.9614068979
4.7824782478,15.7298529315
4.7834783478,18.8987548677
4.7844784478,17.8688214317
4.7854785479,17.3402683618
4.7864786479,16.4900177498
4.7874787479,15.6453758049
4.7884788479,15.8282936443
4.7894789479,17.4012508676
4.7904790479,16.5134179182
4.7914791479,16.0999177823
4.7924792479,17.2146293506
4.7934793479,16.3725727475
4.7944794479,17.1812997251
4.7954795480,15.7654459144
4.7964796480,15.5852339436
4.7974797480,16.6910400372
4.7984798480,16.4541365699
4.7994799480,16.3629456209
4.8004800480,17.2933220591
4.8014801480,17.6813683419
4.8024802480,18.0413272531
4.8034803480,17.0724065590
4.8044804480,15.2926706337
4.8054805481,17.4902562633
4.8064806481,15.1417314267
4.8074807481,15.0117853096
4.8084808481,17.7312302771
4.8094809481,15.9093342680
4.8104810481,17.1612171288
4.8114811481,18.3377449942
4.8124812481,17.3057032217
4.8134813481,15.8489524845
4.8144814481,17.4187783488
4.8154815482,15.7937387960
4.8164816482,16.5870942181
4.8174817482,17.6249202904
4.8184818482,16.9174431394
4.8194819482,17.7721314456
4.8204820482,15.9912669666
4.8214821482,16.1439382497
4.8224822482,16.0379419533
4.8234823482,17.9284565887
4.8244824482,15.5663048697
4.8254825483,15.0242007965
4.8264826483,14.3646350615
4.8274827483,17.2785997260
4.8284828483,16.8601373703
4.8294829483,16.6862531934
4.8304830483,16.1432509150
4.8314831483,16.9452983754
4.8324832483,13.3090400130
4.8334833483,16.3832757850
4.8344834483,16.2070156926
4.8354835484,15.8389248472
4.8364836484,18.2799776468
4.8374837484,16.0599367941
4.8384838484,15.6354234416
4.8394839484,16.7424624824
4.8404840484,17.4828499958
4.8414841484,17.1735764131
4.8424842484,16.3267773059
4.8434843484,17.9337416381
4.8444844484,15.6091645322
4.8454845485,17.1889864666
4.8464846485,19.0007430467
4.8474847485,17.2159621396
4.8484848485,16.8402102683
4.8494849485,15.7266204233
4.8504850485,16.5955000602
4.8514851485,18.0884236594
4.8524852485,15.6540169937
4.8534853485,16.6406406347
4.8544854485,14.7857810623
4.8554855486,16.8439630501
4.8564856486,16.7898788264
4.8574857486,16.3074967352
4.8584858486,18.4614276770
4.8594859486,17.8500563899
4.8604860486,15.0948623097
4.8614861486,16.9883630104
4.8624862486,15.0842682335
4.8634863486,16.2480667449
4.8644864486,16.9342401427
4.8654865487,16.9197824800
4.8664866487,16.7659734115
4.8674867487,16.1381464981
4.8684868487,17.5637463317
4.8694869487,16.0582372903
4.8704870487,18.7057259919
4.8714871487,15.2259714205
4.8724872487,18.6178259290
4.8734873487,16.4360125497
4.8744874487,17.9404350391
4.8754875488,18.4140093244
4.8764876488,15.4754507125
4.8774877488,16.6187488949
4.8784878488,16.7428274001
4.8794879488,18.2551143760
4.8804880488,16.5767982798
4.8814881488,16.8309779704
4.8824882488,15.4771180294
4.8834883488,17.0032909758
4.8844884488,16.6274142702
4.8854885489,17.4346697967
4.8864886489,16.7593297957
4.8874887489,13.9024176057
4.8884888489,17.2807241111
4.8894889489,16.7439920507
4.8904890489,15.4704275123
4.8914891489,17.0068850819
4.8924892489,16.5922414924
4.8934893489,16.0900344944
4.8944894489,16.6596303746
4.8954895490,16.5359931191
4.8964896490,15.5740797960
4.8974897490,16.2901129146
4.8984898490,16.9593752397
4.8994899490,16.9355882207
4.9004900490,18.1767052941
4.9014901490,16.1587882297
4.9024902490,17.2250194067
4.9034903490,16.8229420174
4.9044904490,16.3482598625
4.9054905491,17.9434282888
4.9064906491,15.6615237681
4.9074907491,16.7326171189
4.9084908491,15.5087195870
4.9094909491,15.4831066085
4.9104910491,17.0297862576
4.9114911491,16.1168732823
4.9124912491,17.6096871623
4.9134913491,17.6238355945
4.9144914491,16.3886696887
4.9154915492,18.1191226097
4.9164916492,16.9645829504
4.9174917492,18.0419188393
4.9184918492,16.3835575669
4.9194919492,15.2413389211
4.9204920492,16.2778209901
4.9214921492,17.0781130393
4.9224922492,17.5032628262
4.9234923492,15.1718525439
4.9244924492,16.3071984192
4.9254925493,16.3363659342
4.9264926493,18.9949360552
4.9274927493,16.3000447460
4.9284928493,16.9987374650
4.9294929493,17.2478338467
4.9304930493,15.1804950254
4.9314931493,17.3707638574
4.9324932493,14.9865300479
4.9334933493,18.3343566895
4.9344934493,14.4912255876
4.9354935494,15.8842290572
4.9364936494,16.8712851171
4.9374937494,15.8581489616
4.9384938494,17.8930678301
4.9394939494,16.7096066207
4.9404940494,15.9232522327
4.9414941494,16.6492238109
4.9424942494,18.3041276883
4.9434943494,15.8754033166
4.9444944494,16.0718234034
4.9454945495,17.8141768126
4.9464946495,17.9605951068
4.9474947495,18.3178572385
4.9484948495,18.0374018823
4.9494949495,15.7311937360
4.9504950495,17.8875196758
4.9514951495,17.6544548391
4.9524952495,18.3845784732
4.9534953495,15.6446737673
4.9544954495,15.1850484784
4.9554955496,17.4448319118
4.9564956496,17.2385045870
4.9574957496,17.7228241453
4.9584958496,17.8913678435
4.9594959496,18.0853209227
4.9604960496,17.0554442222
4.9614961496,15.7512271708
4.9624962496,17.2541459927
4.9634963496,16.7811190194
4.9644964496,16.3305496305
4.9654965497,16.5934980143
4.9664966497,17.0952100243
4.9674967497,15.3722314502
4.9684968497,15.7410491901
4.9694969497,18.1101544231
4.9704970497,18.0086745730
4.9714971497,18.2882834779
4.9724972497,18.2799128614
4.9734973497,15.9009187134
4.9744974497,16.6636016900
4.9754975498,15.6359418626
4.9764976498,17.3497773830
4.9774977498,19.1914854333
4.9784978498,14.3372084318
4.9794979498,15.7494399394
4.9804980498,15.9994477142
4.9814981498,16.3159455178
4.9824982498,18.3013331030
4.9834983498,18.8288562175
4.9844984498,18.1279851712
4.9854985499,17.6116854733
4.9864986499,17.8071234478
4.9874987499,16.3500406892
4.9884988499,17.3291543952
4.9894989499,15.3530311250
4.9904990499,16.4038649104
4.9914991499,17.6462945649
4.9924992499,17.2594385864
4.9934993499,16.8934055263
4.9944994499,18.6088315080
4.9954995500,15.8978439678
4.9964996500,18.0000933996
4.9974997500,17.6358064445
4.9984998500,17.2590225738
4.9994999500,15.8574967388
5.0005000500,17.4283098539
5.0015001500,17.9688587957
5.0025002500,17.5290921871
5.0035003500,15.9460671855
5.0045004500,17.0567848180
5.0055005501,17.6048649811
5.0065006501,18.1641228056
5.0075007501,17.4377519125
5.0085008501,16.9360097594
5.0095009501,17.4572352432
5.0105010501,16.8491989901
5.0115011501,17.7118136535
5.0125012501,15.9524791004
5.0135013501,17.7480894195
5.0145014501,17.9964568172
5.0155015502,16.3004990199
5.0165016502,16.8521239060
5.0175017502,17.2231351571
5.0185018502,15.9270239828
5.0195019502,17.2740845510
5.0205020502,16.7124869511
5.0215021502,17.3987339422
5.0225022502,19.5581895777
5.0235023502,17.2209062436
5.0245024502,18.2031114488
5.0255025503,15.3538151323
5.0265026503,17.6865578100
5.0275027503,14.5435646142
5.0285028503,15.9048483745
5.0295029503,17.2549854869
5.0305030503,17.4791400810
5.0315031503,17.1753794671
5.0325032503,16.8302594230
5.0335033503,16.0605851712
5.0345034503,17.0481154313
5.0355035504,19.9948604417
5.0365036504,18.8418892564
5.0375037504,16.1745758366
5.0385038504,17.6416120120
5.0395039504,17.9972946541
5.0405040504,16.3905631342
5.0415041504,16.5424217542
5.0425042504,17.5693246387
5.0435043504,16.9135113309
5.0445044504,15.7069996758
5.0455045505,17.1072028207
5.0465046505,16.3346610462
5.0475047505,17.9295745665
5.0485048505,17.6323711110
5.0495049505,16.7895069642
5.0505050505,16.5774472502
5.0515051505,17.4072352122
5.0525052505,16.1097666761
5.0535053505,16.7150298275
5.0545054505,17.0662682383
5.0555055506,17.4595917870
5.0565056506,17.0848434502
5.0575057506,16.9119242930
5.0585058506,17.6527860293
5.0595059506,17.0413734215
5.0605060506,15.6989204729
5.0615061506,17.2530140556
5.0625062506,16.4109594125
5.0635063506,18.7965351556
5.0645064506,15.9510452715
5.0655065507,16.8901839577
5.0665066507,17.3342530966
5.0675067507,18.0905489778
5.0685068507,16.9321574919
5.0695069507,16.6166667517
5.0705070507,17.1375862164
5.0715071507,16.7780353232
5.0725072507,16.0431813524
5.0735073507,15.4981368560
5.0745074507,18.2675866390
5.0755075508,16.6999225610
5.0765076508,16.3958711602
5.0775077508,17.0297319660
5.0785078508,18.5658344350
5.0795079508,17.2436874984
5.0805080508,17.5338694097
5.0815081508,18.1192364924
5.0825082508,16.9493238158
5.0835083508,18.0703440835
5.0845084508,17.5063372895
5.0855085509,16.6392550573
5.0865086509,17.9558791948
5.0875087509,18.2575179729
5.0885088509,19.3990848581
5.0895089509,17.5201255590
5.0905090509,16.9949694439
5.0915091509,17.9234249869
5.0925092509,18.1451450964
5.0935093509,17.3635121040
5.0945094509,17.2113734418
5.0955095510,18.7970153886
5.0965096510,17.2235693843
5.0975097510,17.8074490478
5.0985098510,17.8395178368
5.0995099510,17.4003579447
5.1005100510,16.2623305584
5.1015101510,16.3442723238
5.1025102510,15.9392998865
5.1035103510,16.8974353301
5.1045104510,19.1027772609
5.1055105511,16.2803807053
5.1065106511,17.0549050203
5.1075107511,16.8965427191
5.1085108511,17.8448682204
5.1095109511,17.0456210132
5.1105110511,19.1327860578
5.1115111511,19.6921285955
5.1125112511,18.2212958409
5.1135113511,16.7070102790
5.1145114511,17.1725407134
5.1155115512,17.1970880941
5.1165116512,18.5757247682
5.1175117512,17.1536683397
5.1185118512,20.1441197700
5.1195119512,17.2164806379
5.1205120512,17.8626567346
5.1215121512,17.2222977386
5.1225122512,19.3687516367
5.1235123512,16.4943154328
5.1245124512,17.2058456872
5.1255125513,18.5529165153
5.1265126513,18.1618334610
5.1275127513,16.5690479445
5.1285128513,17.5548029783
5.1295129513,18.3336330634
5.1305130513,16.5723121272
5.1315131513,15.7613337119
5.1325132513,17.9409292748
5.1335133513,17.6540777522
5.1345134513,18.8186445281
5.1355135514,18.0761188693
5.1365136514,17.5412962705
5.1375137514,17.5355965345
5.1385138514,17.7959607941
5.1395139514,17.4000505167
5.1405140514,17.9996917141
5.1415141514,18.6918508732
5.1425142514,18.3185696570
5.1435143514,18.0030024227
5.1445144514,16.6720346892
5.1455145515,17.4014914585
5.1465146515,17.7023976010
5.1475147515,14.3712372932
5.1485148515,15.6423278624
5.1495149515,17.9512966087
5.1505150515,17.6781285342
5.1515151515,16.3140148481
5.1525152515,17.7341154686
5.1535153515,19.2951559146
5.1545154515,16.3037113665
5.1555155516,17.8150157487
5.1565156516,16.7748713960
5.1575157516,15.9737799777
5.1585158516,16.7665124930
5.1595159516,16.7402440930
5.1605160516,17.8362514102
5.1615161516,18.4404137857
5.1625162516,17.8785208903
5.1635163516,18.5651145060
5.1645164516,16.3783865931
5.1655165517,17.1872844942
5.1665166517,17.2053499139
5.1675167517,17.9767673574
5.1685168517,16.5873246486
5.1695169517,17.5262180254
5.1705170517,17.2855958925
5.1715171517,16.8899651371
5.1725172517,19.0096823703
5.1735173517,17.2723402311
5.1745174517,15.8053542763
5.1755175518,17.5092324183
5.1765176518,19.4113666908
5.1775177518,18.5764845572
5.1785178518,17.1300365214
5.1795179518,16.8938012157
5.1805180518,17.6098571368
5.1815181518,17.1370446349
5.1825182518,17.5721263126
5.1835183518,17.4664431713
5.1845184518,18.6838613537
5.1855185519,17.9266001218
5.1865186519,18.0935924316
5.1875187519,17.4781054787
5.1885188519,19.2496514600
5.1895189519,17.5211044610
5.1905190519,18.7028177991
5.1915191519,17.5203275259
5.1925192519,17.7763013440
5.1935193519,17.7562154233
5.1945194519,18.6948181947
5.1955195520,18.4124029412
5.1965196520,16.7134565647
5.1975197520,18.2031284427
5.1985198520,16.1367051489
5.1995199520,19.3734334770
5.2005200520,16.2719030832
5.2015201520,17.8789886912
5.2025202520,17.6636529279
5.2035203520,18.7154987744
5.2045204520,17.4145695418
5.2055205521,18.5602780158
5.2065206521,17.4330609326
5.2075207521,15.8102538591
5.2085208521,16.8870190046
5.2095209521,18.7981313883
5.2105210521,17.5525111463
5.2115211521,16.4384179391
5.2125212521,18.1978868349
5.2135213521,18.2681516947
5.2145214521,18.4980191317
5.2155215522,15.6788839044
5.2165216522,18.8708306204
5.2175217522,16.9514067441
5.2185218522,17.9144347120
5.2195219522,17.2166229720
5.2205220522,17.1302687283
5.2215221522,15.8415414629
5.2225222522,19.3440890741
5.2235223522,17.0703966965
5.2245224522,18.3290683142
5.2255225523,16.7120121615
5.2265226523,17.0420154899
5.2275227523,18.1341939394
5.2285228523,18.5879879909
5.2295229523,17.3961030302
5.2305230523,16.4009964159
5.2315231523,17.7562240651
5.2325232523,18.3251952371
5.2335233523,17.9720870538
5.2345234523,18.3195729541
5.2355235524,16.2226262220
5.2365236524,18.7021712093
5.2375237524,17.5246148777
5.2385238524,18.2091702976
5.2395239524,16.0324611205
5.2405240524,18.0560996116
5.2415241524,15.5232228808
5.2425242524,19.5079367221
5.2435243524,16.8866033290
5.2445244524,16.6439925747
5.2455245525,17.5700245192
5.2465246525,18.1640870012
5.2475247525,16.5273731463
5.2485248525,17.6064303096
5.2495249525,17.6980928547
5.2505250525,19.6721991489
5.2515251525,18.5964099643
5.2525252525,17.4739059679
5.2535253525,17.9428352961
5.2545254525,17.3727858531
5.2555255526,20.4704615872
5.2565256526,17.4274380546
5.2575257526,19.0599707867
5.2585258526,17.6546977822
5.2595259526,18.4861343545
5.2605260526,17.8114597905
5.2615261526,17.1699083454
5.2625262526,17.5518958853
5.2635263526,18.0481154965
5.2645264526,16.9925999682
5.2655265527,17.1337656874
5.2665266527,17.7514506696
5.2675267527,19.4195022134
5.2685268527,18.5549013692
5.2695269527,18.6974596418
5.2705270527,18.0959439656
5.2715271527,18.8271319770
5.2725272527,17.1193208078
5.2735273527,17.2257960209
5.2745274527,16.8376596201
5.2755275528,19.5682657947
5.2765276528,17.8447502671
5.2775277528,18.4168898157
5.2785278528,14.9158496658
5.2795279528,18.2815737849
5.2805280528,17.1556059081
5.2815281528,17.5496160297
5.2825282528,17.2661468439
5.2835283528,18.0006979716
5.2845284528,18.5714141016
5.2855285529,18.2390655179
5.2865286529,18.7012494933
5.2875287529,16.3112805518
5.2885288529,16.6388982694
5.2895289529,17.4594623561
5.2905290529,17.3977156379
5.2915291529,16.5407662136
5.2925292529,19.5821127715
5.2935293529,18.1705221452
5.2945294529,19.1026812666
5.2955295530,17.2400126109
5.2965296530,16.7205633835
5.2975297530,19.5716366021
5.2985298530,18.6272132645
5.2995299530,17.9052198292
5.3005300530,18.1757055482
5.3015301530,17.9553606276
5.3025302530,17.2900474014
5.3035303530,18.3682404395
5.3045304530,17.4472725380
5.3055305531,16.3718217054
5.3065306531,18.7298306928
5.3075307531,18.5017558452
5.3085308531,18.7014415944
5.3095309531,18.2292246936
5.3105310531,18.8331935417
5.3115311531,18.2235495058
5.3125312531,18.1557365308
5.3135313531,17.1522991720
5.3145314531,19.2492482160
5.3155315532,16.7468699667
5.3165316532,17.2540391082
5.3175317532,16.7353506230
5.3185318532,19.1687119146
5.3195319532,17.2866568529
5.3205320532,16.1172103368
5.3215321532,18.5014482728
5.3225322532,18.5656898779
5.3235323532,18.4225916009
5.3245324532,18.1880634959
5.3255325533,18.6076857026
5.3265326533,18.9448485862
5.3275327533,17.3391114136
5.3285328533,17.8625009119
5.3295329533,18.2116789866
5.3305330533,17.1671606042
5.3315331533,18.6786051677
5.3325332533,17.9232570424
5.3335333533,19.2468396343
5.3345334533,19.5838617203
5.3355335534,16.9532568215
5.3365336534,18.5859812673
5.3375337534,16.9726979841
5.3385338534,20.0410429320
5.3395339534,17.7466276807
5.3405340534,18.6200839792
5.3415341534,18.7528745363
5.3425342534,19.9294150760
5.3435343534,17.4179240177
5.3445344534,17.9753537360
5.3455345535,19.5652446528
5.3465346535,17.7251690620
5.3475347535,18.7583679398
5.3485348535,18.3302165775
5.3495349535,19.0022602258
5.3505350535,18.0853139463
5.3515351535,18.2845742822
5.3525352535,16.9730951398
5.3535353535,18.7683419082
5.3545354535,17.6797066443
5.3555355536,18.2504456088
5.3565356536,17.2869615022
5.3575357536,17.5333467828
5.3585358536,18.2268129425
5.3595359536,17.7983617276
5.3605360536,19.0032676605
5.3615361536,18.3668670551
5.3625362536,17.3138764474
5.3635363536,18.6069855690
5.3645364536,17.0646517788
5.3655365537,18.3023766232
5.3665366537,18.7277287767
5.3675367537,18.5332637102
5.3685368537,18.5696670475
5.3695369537,18.4596285174
5.3705370537,18.0781726613
5.3715371537,18.3814345352
5.3725372537,16.8035353223
5.3735373537,18.3318785617
5.3745374537,17.5318855964
5.3755375538,16.4316219409
5.3765376538,17.7113711263
5.3775377538,18.7176883385
5.3785378538,18.1875888034
5.3795379538,17.0327086985
5.3805380538,19.6917375368
5.3815381538,17.8289555249
5.3825382538,16.6591939670
5.3835383538,17.7421963699
5.3845384538,18.9984008263
5.3855385539,15.5462399268
5.3865386539,19.0416093999
5.3875387539,18.4725838675
5.3885388539,18.4607784365
5.3895389539,17.9353945579
5.3905390539,17.2306309132
5.3915391539,18.4713805455
5.3925392539,17.9427960577
5.3935393539,16.8291192922
5.3945394539,18.8540765103
5.3955395540,18.9981307248
5.3965396540,20.2861275347
5.3975397540,18.2306485086
5.3985398540,17.3879429999
5.3995399540,16.8972444888
5.4005400540,17.4493252768
5.4015401540,17.6751890184
5.4025402540,18.5789011432
5.4035403540,19.3429108864
5.4045404540,20.3871834402
5.4055405541,17.3426381720
5.4065406541,17.3508419800
5.4075407541,19.2262181003
5.4085408541,16.9537593382
5.4095409541,16.9625621541
5.4105410541,16.5114194848
5.4115411541,19.0435856725
5.4125412541,18.5551408322
5.4135413541,16.9905968405
5.4145414541,19.4888267341
5.4155415542,17.0319565631
5.4165416542,18.2315849006
5.4175417542,17.1947562518
5.4185418542,18.3435812158
5.4195419542,17.8849103047
5.4205420542,20.1955758399
5.4215421542,19.3705266861
5.4225422542,17.7975434622
5.4235423542,17.5967356294
5.4245424542,19.5560364102
5.4255425543,18.1446971470
5.4265426543,17.6051372407
5.4275427543,17.8547545563
5.4285428543,17.2253143429
5.4295429543,17.1027705008
5.4305430543,17.3153944811
5.4315431543,18.0640445696
5.4325432543,18.4870392009
5.4335433543,18.5353672234
5.4345434543,17.3143020012
5.4355435544,17.7900243618
5.4365436544,19.7566030743
5.4375437544,18.0473190802
5.4385438544,17.3445289718
5.4395439544,18.6090079424
5.4405440544,18.7222015957
5.4415441544,18.3638120148
5.4425442544,17.5602410379
5.4435443544,17.4039047559
5.4445444544,18.2104603043
5.4455445545,18.6978249593
5.4465446545,18.5309154644
5.4475447545,18.9437512378
5.4485448545,16.3632490353
5.4495449545,19.1032201290
5.4505450545,18.1096968915
5.4515451545,16.5794810259
5.4525452545,17.7684927415
5.4535453545,18.9743761578
5.4545454545,19.3873178698
5.4555455546,18.4465006103
5.4565456546,21.2726808387
5.4575457546,18.9248389468
5.4585458546,17.3140327779
5.4595459546,18.9078581973
5.4605460546,17.9592970533
5.4615461546,16.9181989302
5.4625462546,18.2622208655
5.4635463546,19.0136565764
5.4645464546,18.4095348145
5.4655465547,16.7765458677
5.4665466547,18.6618073058
5.4675467547,17.7763967806
5.4685468547,18.5229991135
5.4695469547,16.3117876977
5.4705470547,19.9983199845
5.4715471547,18.7191681244
5.4725472547,17.5925618255
5.4735473547,19.4199581612
5.4745474547,19.9804645030
5.4755475548,17.7590942702
5.4765476548,16.8168869260
5.4775477548,19.4143668000
5.4785478548,19.3730543980
5.4795479548,17.3262475077
5.4805480548,18.9380271152
5.4815481548,19.4263292700
5.4825482548,16.9672064593
5.4835483548,18.1847140599
5.4845484548,19.3698890670
5.4855485549,17.6326164830
5.4865486549,19.2471642555
5.4875487549,18.4973264519
5.4885488549,19.9455027995
5.4895489549,18.6318054562
5.4905490549,18.1215352249
5.4915491549,19.9196142323
5.4925492549,17.3580137529
5.4935493549,19.0450081683
5.4945494549,18.1554654024
5.4955495550,16.8746830589
5.4965496550,16.3235423835
5.4975497550,18.5648202965
5.4985498550,16.6225053972
5.4995499550,18.8769669066
5.5005500550,19.2089153464
5.5015501550,18.2771281572
5.5025502550,19.6921620305
5.5035503550,18.0434584380
5.5045504550,19.1086194199
5.5055505551,19.0296895517
5.5065506551,17.6817876668
5.5075507551,17.6515173399
5.5085508551,18.2241137113
5.5095509551,17.0663869125
5.5105510551,18.4695840704
5.5115511551,19.3254247053
5.5125512551,17.7369359368
5.5135513551,18.0455562236
5.5145514551,20.5368133793
5.5155515552,19.6936894377
5.5165516552,18.3408969317
5.5175517552,19.2892465103
5.5185518552,19.3000486307
5.5195519552,20.5726686181
5.5205520552,18.5019437367
5.5215521552,19.8804438599
5.5225522552,17.7696931635
5.5235523552,17.5399337253
5.5245524552,18.2467145301
5.5255525553,19.4061651831
5.5265526553,18.3145164521
5.5275527553,18.7402093442
5.5285528553,18.5619615323
5.5295529553,17.4401497638
5.5305530553,18.5296359739
5.5315531553,20.3700452912
5.5325532553,19.1269362713
5.5335533553,17.0113309322
5.5345534553,20.6738409169
5.5355535554,17.6638135737
5.5365536554,17.5004395344
5.5375537554,18.6726762859
5.5385538554,19.4068387048
5.5395539554,18.8119079874
5.5405540554,19.7612960290
5.5415541554,20.7453567341
5.5425542554,18.3893036538
5.5435543554,17.1099014224
5.5445544554,18.3460941338
5.5455545555,18.8271585958
5.5465546555,19.2018518230
5.5475547555,17.6399346307
5.5485548555,18.6657472657
5.5495549555,18.9230978151
5.5505550555,19.5245764844
5.5515551555,18.1058619914
5.5525552555,18.8463360710
5.5535553555,19.0610930342
5.5545554555,16.4879476243
5.5555555556,18.4483450702
5.5565556556,20.0276072736
5.5575557556,17.6806757723
5.5585558556,17.9757320238
5.5595559556,18.8853157233
5.5605560556,18.2170787222
5.5615561556,19.6561064851
5.5625562556,18.2909373012
5.5635563556,17.5019956974
5.5645564556,17.9677006367
5.5655565557,19.6324953173
5.5665566557,19.3771985927
5.5675567557,17.8380418773
5.5685568557,17.9304444720
5.5695569557,19.6665287985
5.5705570557,17.8869115990
5.5715571557,18.2572079721
5.5725572557,18.6983036141
5.5735573557,18.9255076530
5.5745574557,17.9629429428
5.5755575558,17.6094833925
5.5765576558,17.2446162792
5.5775577558,19.5417926295
5.5785578558,18.7557204845
5.5795579558,18.8832713692
5.5805580558,16.9139264025
5.5815581558,19.1217797574
5.5825582558,19.4298235961
5.5835583558,19.2738735607
5.5845584558,19.7277490926
5.5855585559,17.4970779090
5.5865586559,19.0243141064
5.5875587559,18.2973389854
5.5885588559,18.1946469919
5.5895589559,18.6094544306
5.5905590559,17.1869519372
5.5915591559,19.1099173904
5.5925592559,20.9380546988
5.5935593559,19.0655527439
5.5945594559,17.6018057783
5.5955595560,18.0888326522
5.5965596560,19.3660801562
5.5975597560,17.6791125469
5.5985598560,17.9762652175
5.5995599560,18.6766601748
5.6005600560,17.6807173562
5.6015601560,17.8672283469
5.6025602560,19.2145728071
5.6035603560,20.0198303871
5.6045604560,18.9056070961
5.6055605561,18.3978069152
5.6065606561,18.9946337742
5.6075607561,19.4674282026
5.6085608561,19.7089265996
5.6095609561,19.0033595109
5.6105610561,20.5236800826
5.6115611561,19.7072619253
5.6125612561,18.2643334956
5.6135613561,16.7128946443
5.6145614561,18.2049751064
5.6155615562,18.0303785049
5.6165616562,19.1491191966
5.6175617562,18.5640188383
5.6185618562,18.8130492758
5.6195619562,17.7411618801
5.6205620562,19.1813636311
5.6215621562,18.6028595857
5.6225622562,18.8751821072
5.6235623562,19.0535795439
5.6245624562,18.6192383781
5.6255625563,20.4511573803
5.6265626563,18.0197873451
5.6275627563,21.1373802553
5.6285628563,18.1335927231
5.6295629563,19.9345568726
5.6305630563,17.1424577823
5.6315631563,18.4873296086
5.6325632563,20.0459997711
5.6335633563,19.3802931941
5.6345634563,19.0308624258
5.6355635564,18.6914407191
5.6365636564,18.0436042311
5.6375637564,19.0286399958
5.6385638564,18.8011046856
5.6395639564,18.9501879248
5.6405640564,18.5276061543
5.6415641564,18.6382063199
5.6425642564,19.3510585520
5.6435643564,17.9551564915
5.6445644564,19.2512564842
5.6455645565,18.1208593627
5.6465646565,18.6080607039
5.6475647565,20.1913480213
5.6485648565,19.1296211261
5.6495649565,20.0704446800
5.6505650565,19.2230174394
5.6515651565,20.1439021537
5.6525652565,19.2062263303
5.6535653565,19.6893809225
5.6545654565,17.9132594497
5.6555655566,19.5284399492
5.6565656566,19.4750092703
5.6575657566,19.8002527328
5.6585658566,20.0515573638
5.6595659566,19.8168308465
5.6605660566,18.1645590925
5.6615661566,18.0081737435
5.6625662566,19.7743287340
5.6635663566,19.4920873323
5.6645664566,18.1337368051
5.6655665567,19.8747761901
5.6665666567,18.7320366676
5.6675667567,19.6329015467
5.6685668567,18.7749751036
5.6695669567,20.3013855068
5.6705670567,20.2077184162
5.6715671567,18.9259144155
5.6725672567,20.4799828840
5.6735673567,19.3341391197
5.6745674567,19.5679477147
5.6755675568,21.0819223448
5.6765676568,18.2107553599
5.6775677568,20.6871584808
5.6785678568,18.1688375676
5.6795679568,20.6801290996
5.6805680568,16.9833649782
5.6815681568,19.6250399922
5.6825682568,18.6990532885
5.6835683568,16.9978333448
5.6845684568,18.2811475496
5.6855685569,18.9399243159
5.6865686569,18.9278497377
5.6875687569,18.5513590393
5.6885688569,18.4412018090
5.6895689569,18.8790020268
5.6905690569,19.2779072092
5.6915691569,19.3301582302
5.6925692569,19.3740987619
5.6935693569,19.1540757778
5.6945694569,19.4038497759
5.6955695570,19.4506903772
5.6965696570,20.1338620858
5.6975697570,18.7779888038
5.6985698570,20.1808939536
5.6995699570,18.4847998276
5.7005700570,19.6895826187
5.7015701570,19.7884504009
5.7025702570,18.7433361953
5.7035703570,18.4908822509
5.7045704570,19.4235870524
5.7055705571,19.0667203889
5.7065706571,16.9085106129
5.7075707571,18.5051692917
5.7085708571,19.9522824029
5.7095709571,19.6775344046
5.7105710571,19.1362617638
5.7115711571,19.9555092306
5.7125712571,17.7236205336
5.7135713571,19.3543642851
5.7145714571,18.7880793252
5.7155715572,20.1739342051
5.7165716572,20.4236821114
5.7175717572,18.8054308281
5.7185718572,19.2917078547
5.7195719572,17.7698441785
5.7205720572,17.7545845853
5.7215721572,19.7129221605
5.7225722572,19.6069903711
5.7235723572,19.5573946075
5.7245724572,20.0341943767
5.7255725573,20.1987654556
5.7265726573,18.9931984852
5.7275727573,20.2451714830
5.7285728573,18.9171386719
5.7295729573,18.8409456353
5.7305730573,19.8634443545
5.7315731573,19.7947903362
5.7325732573,18.5675630152
5.7335733573,17.7443355332
5.7345734573,20.4261551826
5.7355735574,19.6444034803
5.7365736574,19.2033263933
5.7375737574,18.8752312198
5.7385738574,18.8170515628
5.7395739574,19.8415143852
5.7405740574,19.2495454351
5.7415741574,19.6858481253
5.7425742574,18.6837370525
5.7435743574,20.0143005782
5.7445744574,19.5518557580
5.7455745575,18.4137076346
5.7465746575,18.5895193410
5.7475747575,19.2970692823
5.7485748575,19.4951067124
5.7495749575,20.0100599137
5.7505750575,18.8922360086
5.7515751575,19.4438000387
5.7525752575,17.9735033848
5.7535753575,19.6394147281
5.7545754575,20.2218118347
5.7555755576,19.9594031546
5.7565756576,19.3042455734
5.7575757576,18.8105028702
5.7585758576,20.2428831714
5.7595759576,18.3879246499
5.7605760576,19.3873908505
5.7615761576,19.2284514906
5.7625762576,19.6354926947
5.7635763576,18.2977312709
5.7645764576,19.3805543345
5.7655765577,20.1131785419
5.7665766577,18.2816133278
5.7675767577,20.4433974967
5.7685768577,19.5737163851
5.7695769577,20.3043499357
5.7705770577,20.4276355878
5.7715771577,19.4180490411
5.7725772577,21.0750613390
5.7735773577,19.7333950700
5.7745774577,19.8181695021
5.7755775578,19.6550540455
5.7765776578,20.4346748793
5.7775777578,18.6994047464
5.7785778578,20.1610016960
5.7795779578,21.5158920308
5.7805780578,17.5064320071
5.7815781578,21.6947277080
5.7825782578,18.4998974816
5.7835783578,19.7527040686
5.7845784578,19.4533330288
5.7855785579,17.8028626910
5.7865786579,20.0965379472
5.7875787579,18.8046408416
5.7885788579,20.2989510379
5.7895789579,18.4787772550
5.7905790579,18.9461673138
5.7915791579,18.8650782829
5.7925792579,19.7044461963
5.7935793579,18.4307052650
5.7945794579,19.9538106205
5.7955795580,20.7038516913
5.7965796580,18.2886765618
5.7975797580,19.9068925478
5.7985798580,19.4490858532
5.7995799580,18.6278492766
5.8005800580,19.3127705612
5.8015801580,20.0164426788
5.8025802580,17.2874492412
5.8035803580,21.2523348081
5.8045804580,20.6559549066
5.8055805581,19.6436356714
5.8065806581,17.9751785856
5.8075807581,19.7166282482
5.8085808581,18.2100275246
5.8095809581,20.1282337999
5.8105810581,20.7534714813
5.8115811581,20.1251224078
5.8125812581,19.4188470155
5.8135813581,19.0550397128
5.8145814581,19.6543000677
5.8155815582,19.3614441665
5.8165816582,21.3311948419
5.8175817582,17.8778374300
5.8185818582,19.8701019227
5.8195819582,20.9191476274
5.8205820582,20.4435147438
5.8215821582,19.6115052749
5.8225822582,21.9402455044
5.8235823582,20.2556871859
5.8245824582,18.0237689000
5.8255825583,19.6120910216
5.8265826583,18.2825565365
5.8275827583,18.9165742232
5.8285828583,20.2109074313
5.8295829583,17.9987890931
5.8305830583,18.6340338453
5.8315831583,19.2596264800
5.8325832583,20.1232588571
5.8335833583,21.4941458177
5.8345834583,18.6467210004
5.8355835584,19.7818684263
5.8365836584,19.4068358754
5.8375837584,19.1105697922
5.8385838584,21.2530682193
5.8395839584,19.0339322644
5.8405840584,20.3750768814
5.8415841584,19.4713954320
5.8425842584,17.6138763330
5.8435843584,19.5703899128
5.8445844584,20.6155094620
5.8455845585,18.8247541616
5.8465846585,18.1457203153
5.8475847585,20.0852806121
5.8485848585,20.0469704650
5.8495849585,22.0295127522
5.8505850585,20.2593341745
5.8515851585,17.9497644625
5.8525852585,20.5891677415
5.8535853585,20.7146009080
5.8545854585,19.3287800151
5.8555855586,20.6581674787
5.8565856586,20.8830833236
5.8575857586,20.3822803132
5.8585858586,18.9479287906
5.8595859586,18.5215706497
5.8605860586,19.5629789997
5.8615861586,18.4741856458
5.8625862586,19.8435830917
5.8635863586,19.4391497500
5.8645864586,17.3801279885
5.8655865587,21.8170333824
5.8665866587,20.9057847163
5.8675867587,18.9549152522
5.8685868587,20.5161410053
5.8695869587,19.5631127166
5.8705870587,18.2102065784
5.8715871587,19.4669404237
5.8725872587,19.0733172250
5.8735873587,19.1333392744
5.8745874587,19.8762307643
5.8755875588,21.2653010716
5.8765876588,21.6703158203
5.8775877588,19.1149955417
5.8785878588,20.6362154839
5.8795879588,19.5647242624
5.8805880588,18.8122650329
5.8815881588,19.9068301267
5.8825882588,19.8864016365
5.8835883588,20.5037489676
5.8845884588,20.7759972034
5.8855885589,19.9504911959
5.8865886589,18.9105049795
5.8875887589,20.0207100527
5.8885888589,20.2122587888
5.8895889589,18.9872185803
5.8905890589,18.0415046836
5.8915891589,18.8683820083
5.8925892589,18.6103258069
5.8935893589,19.7908522194
5.8945894589,20.3163461289
5.8955895590,20.6924433692
5.8965896590,19.9985183658
5.8975897590,18.2537546505
5.8985898590,18.8970196119
5.8995899590,21.4673963227
5.9005900590,19.0363718214
5.9015901590,18.6232059552
5.9025902590,19.4915002277
5.9035903590,19.3419361986
5.9045904590,21.8888656625
5.9055905591,21.2027021868
5.9065906591,20.5778199859
5.9075907591,21.1292075079
5.9085908591,19.3944311639
5.9095909591,18.6254055593
5.9105910591,19.7443772221
5.9115911591,20.8646928325
5.9125912591,20.7648782601
5.9135913591,20.6334985974
5.9145914591,20.1830022276
5.9155915592,20.2601615745
5.9165916592,21.0482398876
5.9175917592,18.3651402777
5.9185918592,20.3511648034
5.9195919592,19.4549888836
5.9205920592,19.9570961314
5.9215921592,19.6228018711
5.9225922592,18.8951584398
5.9235923592,20.8371045001
5.9245924592,20.8482006856
5.9255925593,20.9863134669
5.9265926593,20.3386652601
5.9275927593,19.6197548075
5.9285928593,19.3436857759
5.9295929593,21.0953310232
5.9305930593,20.1127579093
5.9315931593,21.0033786552
5.9325932593,19.1470079893
5.9335933593,19.3723355443
5.9345934593,19.1748910587
5.9355935594,18.7466654386
5.9365936594,20.1402774870
5.9375937594,22.7112028640
5.9385938594,18.9264910007
5.9395939594,18.8301562677
5.9405940594,19.6991504591
5.9415941594,18.0764663856
5.9425942594,19.4567565371
5.9435943594,20.6351856933
5.9445944594,20.7411242545
5.9455945595,19.4485026141
5.9465946595,19.0493021660
5.9475947595,20.3123474464
5.9485948595,22.4669453759
5.9495949595,19.8650964540
5.9505950595,19.7003626502
5.9515951595,19.4548233408
5.9525952595,17.0800494060
5.9535953595,19.4130490440
5.9545954595,19.5990167990
5.9555955596,20.5910560599
5.9565956596,20.4585246828
5.9575957596,17.1268762519
5.9585958596,19.0781584498
5.9595959596,19.3405079909
5.9605960596,18.9604727096
5.9615961596,21.5049560140
5.9625962596,18.6759574364
5.9635963596,19.0526222694
5.9645964596,19.4900746608
5.9655965597,19.2533743081
5.9665966597,19.1232578722
5.9675967597,21.5169563527
5.9685968597,19.0599775983
5.9695969597,20.4850440613
5.9705970597,19.1299915722
5.9715971597,18.4308047172
5.9725972597,19.7157543358
5.9735973597,19.6322400117
5.9745974597,20.4851073915
5.9755975598,20.3096266475
5.9765976598,19.9784928744
5.9775977598,19.1567854837
5.9785978598,18.9327730385
5.9795979598,20.1071112789
5.9805980598,19.1300001867
5.9815981598,20.1743519741
5.9825982598,20.9203020745
5.9835983598,20.2439030507
5.9845984598,19.3910527387
5.9855985599,19.2430581802
5.9865986599,19.9346804375
5.9875987599,21.2667492699
5.9885988599,20.0839878143
5.9895989599,20.3466911637
5.9905990599,21.3412441104
5.9915991599,19.6898187764
5.9925992599,19.9036258822
5.9935993599,18.6580515890
5.9945994599,19.1941323864
5.9955995600,21.0499304921
5.9965996600,19.7561922115
5.9975997600,19.0774685151
5.9985998600,19.6795418355
5.9995999600,21.4592744916
6.0006000600,20.6126347655
6.0016001600,19.1588223954
6.0026002600,19.1755618755
6.0036003600,20.7433795722
6.0046004600,21.0065713526
6.0056005601,18.8801141750
6.0066006601,19.7595163841
6.0076007601,23.5642017670
6.0086008601,20.3124638422
6.0096009601,19.4164809415
6.0106010601,19.8199847867
6.0116011601,19.4442561758
6.0126012601,20.8457702028
6.0136013601,20.5438437232
6.0146014601,19.9050087575
6.0156015602,18.5854977420
6.0166016602,18.5006473217
6.0176017602,18.3536745809
6.0186018602,19.4691906455
6.0196019602,19.0641818258
6.0206020602,20.7732337662
6.0216021602,19.8657691305
6.0226022602,17.9757160723
6.0236023602,20.9541303565
6.0246024602,21.2478094423
6.0256025603,20.2332655314
6.0266026603,19.2972913880
6.0276027603,20.4694882287
6.0286028603,20.0142858837
6.0296029603,19.9158836494
6.0306030603,20.6148286961
6.0316031603,21.0413407498
6.0326032603,19.3321382390
6.0336033603,20.2927320037
6.0346034603,19.4008584169
6.0356035604,20.7480684675
6.0366036604,20.6024422854
6.0376037604,20.7871594291
6.0386038604,21.0805439701
6.0396039604,21.2411190879
6.0406040604,19.9767559605
6.0416041604,20.0519807249
6.0426042604,22.2500783204
6.0436043604,18.9176898550
6.0446044604,20.9671993718
6.0456045605,21.1835823068
6.0466046605,17.5929157916
6.0476047605,20.4501193464
6.0486048605,21.3944961816
6.0496049605,20.1748927407
6.0506050605,20.6019017401
6.0516051605,21.1436942689
6.0526052605,20.6038721544
6.0536053605,20.9889851544
6.0546054605,17.9461506774
6.0556055606,21.6981926368
6.0566056606,20.5283730376
6.0576057606,21.0512042721
6.0586058606,19.3796939812
6.0596059606,18.9818080981
6.0606060606,21.3092269949
6.0616061606,22.0060672495
6.0626062606,21.4522845951
6.0636063606,18.5625612588
6.0646064606,20.9840370358
6.0656065607,19.3010011200
6.0666066607,19.8721975507
6.0676067607,19.2789937459
6.0686068607,20.6647310034
6.0696069607,18.9391918369
6.0706070607,21.2883226253
6.0716071607,22.1710753843
6.0726072607,18.9463363019
6.0736073607,17.5344668258
6.0746074607,20.4203365449
6.0756075608,22.2567716396
6.0766076608,22.3125891599
6.0776077608,20.3784635975
6.0786078608,19.3558449177
6.0796079608,20.2024977130
6.0806080608,20.6964198736
6.0816081608,20.1581688861
6.0826082608,21.8890399019
6.0836083608,18.8309988351
6.0846084608,19.6877000181
6.0856085609,19.2355838467
6.0866086609,19.6316522451
6.0876087609,20.0196706097
6.0886088609,20.4706647316
6.0896089609,20.4488282758
6.0906090609,19.5796008168
6.0916091609,21.4571908221
6.0926092609,20.8917205533
6.0936093609,18.1891335150
6.0946094609,18.0524908679
6.0956095610,20.9271548674
6.0966096610,20.8167840233
6.0976097610,19.4553906257
6.0986098610,21.0014609692
6.0996099610,20.4001526301
6.1006100610,22.2664367911
6.1016101610,19.3304526923
6.1026102610,18.7136484377
6.1036103610,19.1638296751
6.1046104610,20.9515116728
6.1056105611,20.5974724746
6.1066106611,21.1953570178
6.1076107611,19.3855313413
6.1086108611,21.1596818970
6.1096109611,21.1952980301
6.1106110611,19.8467510664
6.1116111611,20.4344662921
6.1126112611,19.1950496652
6.1136113611,19.4484392164
6.1146114611,20.2195712732
6.1156115612,22.3685058473
6.1166116612,19.6159014985
6.1176117612,19.7347366132
6.1186118612,20.0985145346
6.1196119612,20.8887172062
6.1206120612,19.9765302757
6.1216121612,20.3177980010
6.1226122612,19.8397347577
6.1236123612,20.3918137019
6.1246124612,20.4517198199
6.1256125613,20.4150380529
6.1266126613,19.6483590141
6.1276127613,20.5185060297
6.1286128613,19.0662561163
6.1296129613,18.8186503529
6.1306130613,20.0861969281
6.1316131613,19.6863770379
6.1326132613,19.5414842092
6.1336133613,21.0848080364
6.1346134613,18.6352556302
6.1356135614,20.4070049026
6.1366136614,22.6931064522
6.1376137614,18.6815682131
6.1386138614,19.0340848027
6.1396139614,21.3897628955
6.1406140614,20.2332709841
6.1416141614,21.5421238104
6.1426142614,22.4887996927
6.1436143614,19.6647864931
6.1446144614,22.5229471707
6.1456145615,19.4954182668
6.1466146615,20.9483833020
6.1476147615,22.6964555256
6.1486148615,20.6902061162
6.1496149615,19.6701707927
6.1506150615,21.2749462684
6.1516151615,20.9506126750
6.1526152615,22.0337296278
6.1536153615,19.1798153194
6.1546154615,20.0141167067
6.1556155616,20.3469854204
6.1566156616,20.2067755495
6.1576157616,19.9895901739
6.1586158616,22.6988156709
6.1596159616,20.4674149662
6.1606160616,20.5164705684
6.1616161616,21.0055528975
6.1626162616,20.7530206202
6.1636163616,19.1963170248
6.1646164616,19.8405119567
6.1656165617,18.3439513637
6.1666166617,21.3987693083
6.1676167617,22.2104219371
6.1686168617,22.1821752282
6.1696169617,20.4832561514
6.1706170617,20.3621752748
6.1716171617,20.0600937740
6.1726172617,22.7812534354
6.1736173617,19.8843570963
6.1746174617,19.5283432044
6.1756175618,20.3922115248
6.1766176618,19.1909207723
6.1776177618,20.9242115858
6.1786178618,21.5851188121
6.1796179618,20.2766074263
6.1806180618,20.7299947068
6.1816181618,19.2506943804
6.1826182618,19.9081567373
6.1836183618,20.4355493555
6.1846184618,22.3470639403
6.1856185619,21.3938538556
6.1866186619,22.8109778250
6.1876187619,20.5547059494
6.1886188619,20.1447288217
6.1896189619,21.6938499820
6.1906190619,21.0544923531
6.1916191619,18.8301212455
6.1926192619,20.1724787116
6.1936193619,22.1996923036
6.1946194619,19.7266337814
6.1956195620,20.6409893232
6.1966196620,22.0355460382
6.1976197620,19.9942385100
6.1986198620,20.0421330762
6.1996199620,19.3507635021
6.2006200620,20.1196424153
6.2016201620,20.0024105597
6.2026202620,22.0905672523
6.2036203620,19.8911229511
6.2046204620,21.8737265082
6.2056205621,19.3239161924
6.2066206621,19.9121934956
6.2076207621,20.7230509993
6.2086208621,22.1734698879
6.2096209621,21.2579098489
6.2106210621,20.6854050617
6.2116211621,19.6425248923
6.2126212621,19.3673448879
6.2136213621,21.6108013640
6.2146214621,20.5411712885
6.2156215622,21.1036963602
6.2166216622,20.7024924229
6.2176217622,22.4240692275
6.2186218622,21.3344493617
6.2196219622,21.0504778275
6.2206220622,20.2969557554
6.2216221622,18.8873551473
6.2226222622,21.9751475220
6.2236223622,19.5963969799
6.2246224622,21.2874763663
6.2256225623,20.6424776234
6.2266226623,23.4261290933
6.2276227623,21.2855195699
6.2286228623,20.1075945154
6.2296229623,22.2811129240
6.2306230623,20.5333059349
6.2316231623,21.7086888149
6.2326232623,21.0789189838
6.2336233623,20.2428684128
6.2346234623,20.6611134625
6.2356235624,20.8134399530
6.2366236624,21.2804710529
6.2376237624,21.4164501024
6.2386238624,19.6728037571
6.2396239624,21.7516786057
6.2406240624,19.4989406627
6.2416241624,20.7230204467
6.2426242624,21.3655588477
6.2436243624,20.6489440737
6.2446244624,20.4460181114
6.2456245625,20.2244430635
6.2466246625,21.3000528105
6.2476247625,21.6873093107
6.2486248625,20.0107042850
6.2496249625,22.1739470106
6.2506250625,20.7466602963
6.2516251625,19.7927271626
6.2526252625,20.7892043459
6.2536253625,20.9760030924
6.2546254625,20.2337704559
6.2556255626,21.3915758496
6.2566256626,19.2049428924
6.2576257626,19.7512834019
6.2586258626,20.4847393352
6.2596259626,19.9174921065
6.2606260626,19.3103451980
6.2616261626,19.4777202199
6.2626262626,21.2265040921
6.2636263626,21.1613741133
6.2646264626,20.3495362196
6.2656265627,20.4215479963
6.2666266627,21.2342621351
6.2676267627,21.4909818291
6.2686268627,20.8492542545
6.2696269627,22.1406163936
6.2706270627,20.7479081819
6.2716271627,21.7731980325
6.2726272627,20.8077049239
6.2736273627,19.9013694506
6.2746274627,19.7926493690
6.2756275628,21.1403195822
6.2766276628,20.5075863568
6.2776277628,19.5705291383
6.2786278628,19.7500004304
6.2796279628,21.1052252118
6.2806280628,21.8031619409
6.2816281628,19.8957338668
6.2826282628,20.9489852260
6.2836283628,21.0899639788
6.2846284628,20.8273528763
6.2856285629,21.2029157459
6.2866286629,18.7865685037
6.2876287629,21.6818932309
6.2886288629,21.3985876786
6.2896289629,20.8224244252
6.2906290629,22.1832475993
6.2916291629,21.0274066135
6.2926292629,19.2110569162
6.2936293629,19.3594963141
6.2946294629,21.8806895455
6.2956295630,20.1851685493
6.2966296630,18.9226441139
6.2976297630,20.7971042160
6.2986298630,20.4633118265
6.2996299630,20.8321293592
6.3006300630,20.7925951341
6.3016301630,20.9936496568
6.3026302630,21.8900969710
6.3036303630,21.7891750898
6.3046304630,21.4511550753
6.3056305631,21.6049891450
6.3066306631,20.6916193816
6.3076307631,21.4622151929
6.3086308631,21.0772479668
6.3096309631,21.0111649346
6.3106310631,20.0147088958
6.3116311631,21.9047715891
6.3126312631,20.6424715081
6.3136313631,20.7192207410
6.3146314631,21.3976738717
6.3156315632,20.5522556604
6.3166316632,21.6190313295
6.3176317632,20.5248897070
6.3186318632,21.2397509660
6.3196319632,21.0933543529
6.3206320632,19.5566157425
6.3216321632,20.9686262167
6.3226322632,20.3517363882
6.3236323632,21.3802236911
6.3246324632,21.6451538085
6.3256325633,22.0312005379
6.3266326633,21.5971164036
6.3276327633,20.8845444997
6.3286328633,21.7589026052
6.3296329633,20.1724467158
6.3306330633,21.2144624900
6.3316331633,20.8403224758
6.3326332633,21.3364057029
6.3336333633,20.7007203870
6.3346334633,22.8924513235
6.3356335634,20.2767272391
6.3366336634,21.3026155583
6.3376337634,21.9565671455
6.3386338634,22.0457990412
6.3396339634,20.9681601517
6.3406340634,19.7904717175
6.3416341634,20.0534510662
6.3426342634,19.0563661189
6.3436343634,19.3437575297
6.3446344634,23.0998837867
6.3456345635,22.7563374183
6.3466346635,20.9991990906
6.3476347635,19.7296294719
6.3486348635,22.3298580918
6.3496349635,21.5410448099
6.3506350635,19.9872435173
6.3516351635,22.1821568027
6.3526352635,21.2297409939
6.3536353635,21.6307740926
6.3546354635,22.2258402208
6.3556355636,21.6104608090
6.3566356636,21.3545261185
6.3576357636,21.8302654500
6.3586358636,21.1356530915
6.3596359636,21.3035576223
6.3606360636,20.3370091477
6.3616361636,21.9683422272
6.3626362636,22.6767655469
6.3636363636,19.6524506904
6.3646364636,23.3761775437
6.3656365637,21.2351369663
6.3666366637,20.2825701964
6.3676367637,22.1360807635
6.3686368637,21.0640791526
6.3696369637,20.5164335888
6.3706370637,21.1440882634
6.3716371637,22.2201825424
6.3726372637,20.9308167543
6.3736373637,18.9668237215
6.3746374637,20.5031847429
6.3756375638,21.3046385630
6.3766376638,21.0934368237
6.3776377638,20.5379852569
6.3786378638,22.5363113910
6.3796379638,20.2547439316
6.3806380638,19.7055118829
6.3816381638,19.2180410098
6.3826382638,20.2898205622
6.3836383638,20.1127979745
6.3846384638,19.9375431061
6.3856385639,20.9692812097
6.3866386639,20.7614453305
6.3876387639,20.2779814546
6.3886388639,19.6471411869
6.3896389639,18.9166842254
6.3906390639,21.7213782861
6.3916391639,21.6575620510
6.3926392639,21.3145494802
6.3936393639,22.1803222968
6.3946394639,20.4830247743
6.3956395640,22.2527821369
6.3966396640,21.4580224011
6.3976397640,22.4577723300
6.3986398640,20.8702482269
6.3996399640,20.9294447510
6.4006400640,21.6040516994
6.4016401640,21.2612514107
6.4026402640,20.7920303562
6.4036403640,21.6765044423
6.4046404640,20.2476995866
6.4056405641,21.3468348608
6.4066406641,20.1985701786
6.4076407641,22.3142190055
6.4086408641,19.7122297828
6.4096409641,19.1373764352
6.4106410641,19.8562083253
6.4116411641,20.1548210015
6.4126412641,20.2498505868
6.4136413641,21.9968351682
6.4146414641,21.5319176535
6.4156415642,22.4955351482
6.4166416642,19.8877403607
6.4176417642,22.1575333344
6.4186418642,19.5152316055
6.4196419642,20.2360716862
6.4206420642,21.7139828934
6.4216421642,21.7048752253
6.4226422642,21.4627732164
6.4236423642,20.4478225727
6.4246424642,19.7806793524
6.4256425643,20.2848292682
6.4266426643,21.7118353669
6.4276427643,21.7198390782
6.4286428643,20.0478742166
6.4296429643,20.6301203076
6.4306430643,22.0483595535
6.4316431643,21.9624540372
6.4326432643,20.5751888657
6.4336433643,21.0269614012
6.4346434643,21.1222647688
6.4356435644,19.9990555220
6.4366436644,19.9214017690
6.4376437644,20.8185406423
6.4386438644,21.6757320116
6.4396439644,20.5760501336
6.4406440644,22.9499186310
6.4416441644,22.4467943472
6.4426442644,20.0901179765
6.4436443644,22.0870993478
6.4446444644,20.7718616002
6.4456445645,20.0326797229
6.4466446645,21.9486639559
6.4476447645,21.2967887907
6.4486448645,20.7137845644
6.4496449645,21.8577748808
6.4506450645,23.2997251552
6.4516451645,21.3825494869
6.4526452645,20.6151709889
6.4536453645,22.1967232504
6.4546454645,21.5874463124
6.4556455646,21.8585564824
6.4566456646,21.9454039401
6.4576457646,18.9520579037
6.4586458646,21.0918263119
6.4596459646,21.1583369413
6.4606460646,21.1842298667
6.4616461646,21.0424916754
6.4626462646,23.0406278794
6.4636463646,20.1974426196
6.4646464646,21.3784687236
6.4656465647,20.8424660651
6.4666466647,20.6609179600
6.4676467647,22.9522170593
6.4686468647,21.8489907995
6.4696469647,22.5708487855
6.4706470647,21.7931419855
6.4716471647,20.1819787255
6.4726472647,19.6303909110
6.4736473647,20.0747070926
6.4746474647,20.4984957874
6.4756475648,24.0951231430
6.4766476648,21.9277583455
6.4776477648,23.0015907447
6.4786478648,21.4014328614
6.4796479648,22.9067558205
6.4806480648,22.2699130458
6.4816481648,20.3820726848
6.4826482648,21.6531741453
6.4836483648,23.0272876830
6.4846484648,20.6753053718
6.4856485649,22.8406334059
6.4866486649,21.8945155323
6.4876487649,22.7141852677
6.4886488649,21.9654248496
6.4896489649,20.3304687087
6.4906490649,23.3789433725
6.4916491649,20.4059003162
6.4926492649,22.2456975748
6.4936493649,23.1204032667
6.4946494649,20.7850952511
6.4956495650,20.8922276517
6.4966496650,21.7191870514
6.4976497650,21.1273399376
6.4986498650,21.0612702413
6.4996499650,20.5386240771
6.5006500650,20.4080964171
6.5016501650,20.6633960185
6.5026502650,22.1033958265
6.5036503650,21.7726570214
6.5046504650,21.1947301335
6.5056505651,23.2924439162
6.5066506651,21.8235968679
6.5076507651,20.7595412207
6.5086508651,20.4625846007
6.5096509651,21.4714506484
6.5106510651,21.4738984993
6.5116511651,22.4337788465
6.5126512651,22.4828525872
6.5136513651,18.7009505003
6.5146514651,21.6597812558
6.5156515652,21.2364965529
6.5166516652,22.1931331161
6.5176517652,19.7157964357
6.5186518652,22.0728745992
6.5196519652,22.2226437142
6.5206520652,22.0834630018
6.5216521652,20.7786792507
6.5226522652,20.9608092895
6.5236523652,21.1901065220
6.5246524652,21.6737667034
6.5256525653,21.6701779648
6.5266526653,20.3620193424
6.5276527653,21.6331319023
6.5286528653,21.3626338365
6.5296529653,22.0407973390
6.5306530653,20.8332375698
6.5316531653,22.1340966536
6.5326532653,23.1688616940
6.5336533653,21.9678985777
6.5346534653,22.4238395397
6.5356535654,21.5498794669
6.5366536654,20.6430940935
6.5376537654,22.1430734661
6.5386538654,20.0359697730
6.5396539654,22.0925951272
6.5406540654,21.1491229658
6.5416541654,21.5883008812
6.5426542654,21.6764888892
6.5436543654,21.3543722810
6.5446544654,22.3405713989
6.5456545655,22.1947376954
6.5466546655,20.5612529280
6.5476547655,21.4519628277
6.5486548655,21.8239718495
6.5496549655,21.2774630624
6.5506550655,23.6751123260
6.5516551655,20.7254249117
6.5526552655,21.6803904278
6.5536553655,19.7151985638
6.5546554655,22.4482701105
6.5556555656,21.9290296646
6.5566556656,22.0122443610
6.5576557656,21.7275537536
6.5586558656,20.9097803554
6.5596559656,20.8732661011
6.5606560656,20.8176177943
6.5616561656,21.2327634244
6.5626562656,20.7590773141
6.5636563656,21.1549136504
6.5646564656,19.2870629863
6.5656565657,21.3339691904
6.5666566657,19.8899177949
6.5676567657,20.1720815501
6.5686568657,22.9956720947
6.5696569657,22.2709539294
6.5706570657,23.5961726553
6.5716571657,20.9644294307
6.5726572657,22.4237345331
6.5736573657,23.5794575162
6.5746574657,21.2015639086
6.5756575658,19.6899028466
6.5766576658,23.3653127477
6.5776577658,22.4881136065
6.5786578658,21.8764645269
6.5796579658,21.6323738760
6.5806580658,22.5672851463
6.5816581658,22.1275644106
6.5826582658,24.0229905491
6.5836583658,23.0927500333
6.5846584658,23.4500693803
6.5856585659,23.1272883110
6.5866586659,20.3984043114
6.5876587659,20.7857385829
6.5886588659,20.8520037423
6.5896589659,22.0799946122
6.5906590659,22.9951676295
6.5916591659,20.9423282922
6.5926592659,21.1127421753
6.5936593659,23.4548156758
6.5946594659,22.0423781860
6.5956595660,22.9946698991
6.5966596660,21.2752547466
6.5976597660,22.3883614030
6.5986598660,22.4089261526
6.5996599660,20.4301073880
6.6006600660,23.8359526543
6.6016601660,20.6674525350
6.6026602660,22.6179119100
6.6036603660,20.5038806478
6.6046604660,21.9664225369
6.6056605661,22.1348093724
6.6066606661,20.9249998969
6.6076607661,21.1132798723
6.6086608661,21.6025113086
6.6096609661,22.9794651034
6.6106610661,20.8610877821
6.6116611661,21.5811291147
6.6126612661,20.5667260234
6.6136613661,20.5487109460
6.6146614661,20.9115574970
6.6156615662,22.3314229741
6.6166616662,22.4703024801
6.6176617662,20.2815496703
6.6186618662,22.4024189469
6.6196619662,22.5603412044
6.6206620662,21.7925483341
6.6216621662,21.1766576388
6.6226622662,22.3335102651
6.6236623662,23.0795406188
6.6246624662,21.9280674605
6.6256625663,23.1544314009
6.6266626663,20.4883630700
6.6276627663,23.7807493901
6.6286628663,21.8947525683
6.6296629663,21.1270450968
6.6306630663,22.4040470927
6.6316631663,21.8718967881
6.6326632663,21.0814734557
6.6336633663,21.2437731731
6.6346634663,22.5645352882
6.6356635664,21.2318386031
6.6366636664,23.8308284283
6.6376637664,22.1729858478
6.6386638664,22.5526029039
6.6396639664,22.0487305545
6.6406640664,21.8064472845
6.6416641664,21.3945444372
6.6426642664,23.6760372750
6.6436643664,22.1825648370
6.6446644664,21.1488435149
6.6456645665,23.1485796952
6.6466646665,23.4826041538
6.6476647665,20.7117306329
6.6486648665,21.8575516190
6.6496649665,20.9563608065
6.6506650665,22.2893570837
6.6516651665,20.8492681460
6.6526652665,20.5588701614
6.6536653665,24.4700863538
6.6546654665,24.1182523499
6.6556655666,21.9825300146
6.6566656666,21.1573876564
6.6576657666,21.2172821458
6.6586658666,20.2324533202
6.6596659666,21.2600558457
6.6606660666,22.1295655606
6.6616661666,21.3958970745
6.6626662666,21.1200973105
6.6636663666,20.6750093012
6.6646664666,21.1057362425
6.6656665667,21.7581827866
6.6666666667,22.0235727848
6.6676667667,19.7734244889
6.6686668667,22.8764390965
6.6696669667,22.1312548533
6.6706670667,23.1854999607
6.6716671667,23.0244240144
6.6726672667,20.3138611457
6.6736673667,21.7535454626
6.6746674667,22.5460321462
6.6756675668,21.1809720953
6.6766676668,23.0705687748
6.6776677668,18.6076716009
6.6786678668,21.3679725123
6.6796679668,21.4974346915
6.6806680668,22.4153182102
6.6816681668,23.0678500050
6.6826682668,22.6445197088
6.6836683668,22.1012883077
6.6846684668,23.1640358358
6.6856685669,22.6569270614
6.6866686669,22.6154422794
6.6876687669,21.1832261883
6.6886688669,20.6444271496
6.6896689669,21.7520206133
6.6906690669,21.5301823785
6.6916691669,22.5517914060
6.6926692669,22.3925125097
6.6936693669,23.4474924228
6.6946694669,21.8280925421
6.6956695670,20.4483417079
6.6966696670,22.5744882194
6.6976697670,21.6200435468
6.6986698670,21.7816895363
6.6996699670,22.1613456363
6.7006700670,22.0239401135
6.7016701670,21.8670161109
6.7026702670,22.3500387603
6.7036703670,22.6149746208
6.7046704670,21.9392296989
6.7056705671,21.4539172531
6.7066706671,21.8023676530
6.7076707671,21.8732563012
6.7086708671,21.7499581402
6.7096709671,20.6165364373
6.7106710671,20.8807691751
6.7116711671,22.9939928460
6.7126712671,20.7455462737
6.7136713671,21.1933305257
6.7146714671,23.3125029933
6.7156715672,21.4098530462
6.7166716672,21.4499416918
6.7176717672,22.2888504768
6.7186718672,22.8770864211
6.7196719672,20.8867668649
6.7206720672,21.8914379715
6.7216721672,21.5120127289
6.7226722672,21.9137283537
6.7236723672,21.1633543556
6.7246724672,20.9991267148
6.7256725673,23.8104182068
6.7266726673,20.9832424902
6.7276727673,23.9958100379
6.7286728673,22.0251356281
6.7296729673,23.2334955703
6.7306730673,22.3379870108
6.7316731673,21.9280671191
6.7326732673,21.1068432681
6.7336733673,20.6303071042
6.7346734673,22.6122490246
6.7356735674,23.3646093641
6.7366736674,21.7607208551
6.7376737674,21.7864536223
6.7386738674,20.6455584577
6.7396739674,22.0568437653
6.7406740674,22.5492699898
6.7416741674,23.9709837503
6.7426742674,23.9250482991
6.7436743674,22.6208929578
6.7446744674,22.5907498931
6.7456745675,21.3441505330
6.7466746675,21.2804233664
6.7476747675,21.7291442752
6.7486748675,21.6357118838
6.7496749675,21.1672959856
6.7506750675,23.6033025903
6.7516751675,22.5467431939
6.7526752675,23.3936940152
6.7536753675,21.2669762711
6.7546754675,21.2757500716
6.7556755676,21.8190429135
6.7566756676,22.4524065995
6.7576757676,22.7082275980
6.7586758676,22.0801224316
6.7596759676,20.3506829258
6.7606760676,20.9454872313
6.7616761676,21.7823165145
6.7626762676,23.0878558879
6.7636763676,22.1843144616
6.7646764676,23.6775065767
6.7656765677,22.1558362310
6.7666766677,23.0986794275
6.7676767677,23.6373886771
6.7686768677,24.7814129012
6.7696769677,21.5663152136
6.7706770677,22.0150705419
6.7716771677,21.4401280572
6.7726772677,21.2781248722
6.7736773677,23.6833723639
6.7746774677,22.5486184215
6.7756775678,22.4975244451
6.7766776678,22.7511199603
6.7776777678,22.2229579422
6.7786778678,21.0946830339
6.7796779678,22.0625546751
6.7806780678,23.0661149247
6.7816781678,21.7710127003
6.7826782678,21.4891662366
6.7836783678,22.8218041063
6.7846784678,22.4651258069
6.7856785679,21.7709000150
6.7866786679,22.1647317463
6.7876787679,23.2212948388
6.7886788679,22.1823589334
6.7896789679,22.3721528046
6.7906790679,22.0370557425
6.7916791679,22.7167859588
6.7926792679,22.6082852977
6.7936793679,22.5909130546
6.7946794679,22.1713173023
6.7956795680,21.4179640606
6.7966796680,22.8612862569
6.7976797680,23.0218474908
6.7986798680,23.1763916928
6.7996799680,22.1308981381
6.8006800680,22.9862118231
6.8016801680,21.9923117879
6.8026802680,21.3255700920
6.8036803680,21.3874080562
6.8046804680,22.1466431977
6.8056805681,22.0599481264
6.8066806681,22.9823286692
6.8076807681,23.1259313917
6.8086808681,23.4981424362
6.8096809681,21.4251437892
6.8106810681,22.2028028028
6.8116811681,22.2966279218
6.8126812681,23.2331474502
6.8136813681,22.0882933135
6.8146814681,22.1806749145
6.8156815682,22.7700390187
6.8166816682,23.5709684467
6.8176817682,22.8809070375
6.8186818682,24.4161840465
6.8196819682,20.6317638860
6.8206820682,22.2701467402
6.8216821682,21.6707598466
6.8226822682,23.7984510517
6.8236823682,23.2529722615
6.8246824682,21.7550051787
6.8256825683,25.3572715902
6.8266826683,22.1011511100
6.8276827683,22.2760719904
6.8286828683,21.4831148310
6.8296829683,21.9183053948
6.8306830683,21.8564181393
6.8316831683,23.1122337115
6.8326832683,22.4706627140
6.8336833683,22.3814418626
6.8346834683,22.6260156507
6.8356835684,23.5669461237
6.8366836684,21.0610637564
6.8376837684,21.6138040395
6.8386838684,22.7332046676
6.8396839684,22.1281906374
6.8406840684,23.1779173264
6.8416841684,22.5594272914
6.8426842684,23.6972260470
6.8436843684,22.6081982472
6.8446844684,22.5906510372
6.8456845685,21.5705439947
6.8466846685,24.0535660953
6.8476847685,20.6757504963
6.8486848685,22.0205216390
6.8496849685,22.8648095902
6.8506850685,21.8891127433
6.8516851685,23.8494569995
6.8526852685,23.8352663567
6.8536853685,23.2755470557
6.8546854685,23.2311506777
6.8556855686,23.2749542424
6.8566856686,21.6194481268
6.8576857686,23.6609473671
6.8586858686,21.7642058035
6.8596859686,22.9416321799
6.8606860686,20.9477788207
6.8616861686,22.7724149140
6.8626862686,22.7918068842
6.8636863686,20.8074615946
6.8646864686,22.8901017829
6.8656865687,22.5147049965
6.8666866687,23.2709818332
6.8676867687,21.0548196138
6.8686868687,22.8258352663
6.8696869687,23.4870171540
6.8706870687,21.4528760892
6.8716871687,24.1781342829
6.8726872687,22.5481997240
6.8736873687,23.6414401361
6.8746874687,23.0664400666
6.8756875688,22.9917839483
6.8766876688,22.5611437976
6.8776877688,23.2946194426
6.8786878688,23.9464130000
6.8796879688,21.7454539689
6.8806880688,21.5726129352
6.8816881688,24.2355730662
6.8826882688,22.6999193460
6.8836883688,24.1918743288
6.8846884688,23.4105977260
6.8856885689,21.5282869727
6.8866886689,21.2582670563
6.8876887689,21.6219788089
6.8886888689,23.2683357850
6.8896889689,22.6490732543
6.8906890689,22.0500549857
6.8916891689,23.0313542019
6.8926892689,22.8608304568
6.8936893689,22.7715469717
6.8946894689,21.8285764758
6.8956895690,22.2175748865
6.8966896690,21.9272169228
6.8976897690,23.5113261607
6.8986898690,22.0070283720
6.8996899690,22.7544074797
6.9006900690,24.3146868397
6.9016901690,21.9818231091
6.9026902690,22.2785141998
6.9036903690,21.4189912431
6.9046904690,21.4241270233
6.9056905691,21.1037672649
6.9066906691,23.4403170125
6.9076907691,21.2115402123
6.9086908691,22.7104436093
6.9096909691,23.3749107559
6.9106910691,22.6007523858
6.9116911691,19.6248633178
6.9126912691,22.3034979070
6.9136913691,22.8007565288
6.9146914691,22.8008031159
6.9156915692,24.2996986543
6.9166916692,22.5236979221
6.9176917692,21.2030947162
6.9186918692,22.2013783329
6.9196919692,23.4897049551
6.9206920692,23.4247200530
6.9216921692,24.6168671248
6.9226922692,24.3620984059
6.9236923692,25.3413321666
6.9246924692,22.6977005227
6.9256925693,20.9432691303
6.9266926693,24.0676742267
6.9276927693,22.9979373587
6.9286928693,23.5050084604
6.9296929693,20.9726256229
6.9306930693,23.4042501696
6.9316931693,23.9016760903
6.9326932693,21.6262916381
6.9336933693,21.0998538468
6.9346934693,24.7437583950
6.9356935694,23.8209781310
6.9366936694,22.8485604783
6.9376937694,22.5263873815
6.9386938694,22.5589669332
6.9396939694,20.1795137035
6.9406940694,22.3281964123
6.9416941694,22.2924098026
6.9426942694,22.8082290143
6.9436943694,24.1605319458
6.9446944694,23.4986842406
6.9456945695,20.6481974562
6.9466946695,21.2122049803
6.9476947695,22.7906542075
6.9486948695,23.1045839011
6.9496949695,21.5299070113
6.9506950695,23.9411753687
6.9516951695,21.5396114273
6.9526952695,23.3700701452
6.9536953695,23.4129131173
6.9546954695,24.8152331976
6.9556955696,23.6988414413
6.9566956696,21.7674311005
6.9576957696,24.5363704081
6.9586958696,23.3123785062
6.9596959696,22.7728143605
6.9606960696,20.6337326130
6.9616961696,23.8533681107
6.9626962696,22.5399202953
6.9636963696,23.4318878875
6.9646964696,21.7292358667
6.9656965697,23.6272892064
6.9666966697,23.7532942257
6.9676967697,25.3518728358
6.9686968697,23.5849012044
6.9696969697,23.5707641271
6.9706970697,22.6994511786
6.9716971697,22.0514497071
6.9726972697,24.3671801477
6.9736973697,23.7414055750
6.9746974697,21.2499324698
6.9756975698,22.4163574375
6.9766976698,21.0954149941
6.9776977698,22.3439573800
6.9786978698,22.2465871196
6.9796979698,23.4750521562
6.9806980698,22.4571185092
6.9816981698,23.0669124128
6.9826982698,24.0016659551
6.9836983698,23.5667019933
6.9846984698,24.7980964723
6.9856985699,24.2660490338
6.9866986699,23.3021163357
6.9876987699,22.0884727652
6.9886988699,24.5511499752
6.9896989699,23.4782583922
6.9906990699,24.6673857540
6.9916991699,23.6847787375
6.9926992699,22.4867577402
6.9936993699,24.2138905235
6.9946994699,19.6640250892
6.9956995700,21.6108647342
6.9966996700,22.2226521044
6.9976997700,22.0527882977
6.9986998700,23.8289156416
6.9996999700,23.5182405733
7.0007000700,24.0423554502
7.0017001700,20.6714703080
7.0027002700,23.0209369324
7.0037003700,20.8043593099
7.0047004700,22.9986291797
7.0057005701,22.3550728766
7.0067006701,24.2683350433
7.0077007701,22.9336403551
7.0087008701,24.4369823097
7.0097009701,23.3437615405
7.0107010701,22.5329416390
7.0117011701,23.5058297750
7.0127012701,21.8897218506
7.0137013701,21.0816915562
7.0147014701,21.9764038396
7.0157015702,23.2370377813
7.0167016702,24.9410354623
7.0177017702,22.3538787459
7.0187018702,22.5168879990
7.0197019702,22.1012705697
7.0207020702,24.8399070305
7.0217021702,22.0892730328
7.0227022702,20.7793390579
7.0237023702,22.3712594314
7.0247024702,24.4574040295
7.0257025703,23.7743742578
7.0267026703,22.7954493359
7.0277027703,21.7995282191
7.0287028703,23.4715787962
7.0297029703,22.4903066258
7.0307030703,22.4040994228
7.0317031703,24.0265020456
7.0327032703,22.8607866195
7.0337033703,25.5916050804
7.0347034703,22.4863827097
7.0357035704,22.5757899248
7.0367036704,22.9997649418
7.0377037704,22.4188546040
7.0387038704,23.7383147472
7.0397039704,21.3314721987
7.0407040704,22.5601023834
7.0417041704,24.7370993694
7.0427042704,23.5441531000
7.0437043704,23.3326094439
7.0447044704,23.4621401101
7.0457045705,24.1987783173
7.0467046705,23.4772504452
7.0477047705,24.3351919235
7.0487048705,23.5179029713
7.0497049705,24.9280933124
7.0507050705,23.5455089661
7.0517051705,24.4062823836
7.0527052705,23.5497335534
7.0537053705,22.3600402550
7.0547054705,23.0367832123
7.0557055706,22.8972634168
7.0567056706,21.9770914011
7.0577057706,23.2436835375
7.0587058706,21.8950305790
7.0597059706,23.5137675610
7.0607060706,21.6139994453
7.0617061706,24.2836097822
7.0627062706,23.0483178643
7.0637063706,25.5373933636
7.0647064706,22.4420961329
7.0657065707,23.0151779921
7.0667066707,21.6878812872
7.0677067707,22.7218963623
7.0687068707,24.6863643311
7.0697069707,20.7878629284
7.0707070707,23.3846062274
7.0717071707,22.5838053852
7.0727072707,23.7421241529
7.0737073707,22.2464257671
7.0747074707,23.8097325485
7.0757075708,22.9067715938
7.0767076708,23.3027780105
7.0777077708,23.5384493220
7.0787078708,22.8322494307
7.0797079708,23.2302621275
7.0807080708,21.7265968154
7.0817081708,23.1971469749
7.0827082708,24.2422000926
7.0837083708,21.7968851506
7.0847084708,23.1892404438
7.0857085709,23.0464494166
7.0867086709,23.3892843322
7.0877087709,23.1499879348
7.0887088709,22.8467302506
7.0897089709,22.2613471981
7.0907090709,22.3657624245
7.0917091709,22.8500370542
7.0927092709,23.0244365048
7.0937093709,22.4471236159
7.0947094709,21.7578717467
7.0957095710,21.1621927566
7.0967096710,23.8538060322
7.0977097710,23.4913682684
7.0987098710,23.9786046621
7.0997099710,22.5871116821
7.1007100710,25.3214855525
7.1017101710,23.2723360565
7.1027102710,23.2990182369
7.1037103710,24.0587477874
7.1047104710,22.7197162237
7.1057105711,21.2070887068
7.1067106711,25.7654819895
7.1077107711,23.7582509736
7.1087108711,21.9001138152
7.1097109711,23.7321142636
7.1107110711,21.1442464409
7.1117111711,22.9786493118
7.1127112711,23.8719353960
7.1137113711,22.7379235383
7.1147114711,22.5621075368
7.1157115712,24.0944382853
7.1167116712,23.1355043894
7.1177117712,24.9826207282
7.1187118712,23.9556131856
7.1197119712,23.1924632686
7.1207120712,24.0917452852
7.1217121712,21.1550699680
7.1227122712,23.8762858059
7.1237123712,21.2234692312
7.1247124712,25.1189920281
7.1257125713,22.9889634384
7.1267126713,24.4050063725
7.1277127713,23.0054974068
7.1287128713,22.6770064568
7.1297129713,23.6221612372
7.1307130713,24.9715126383
7.1317131713,24.6242744124
7.1327132713,23.0263394531
7.1337133713,22.3547665222
7.1347134713,22.6285638289
7.1357135714,22.7530603369
7.1367136714,21.1146390775
7.1377137714,24.0710570486
7.1387138714,21.8031243757
7.1397139714,21.8368644678
7.1407140714,23.1223410056
7.1417141714,23.7531795027
7.1427142714,23.9272689690
7.1437143714,24.5088235153
7.1447144714,22.4446739767
7.1457145715,24.6224968308
7.1467146715,22.4691229113
7.1477147715,23.1218906383
7.1487148715,24.1919445040
7.1497149715,24.0046144296
7.1507150715,25.5777743936
7.1517151715,24.4398173643
7.1527152715,23.7688202681
7.1537153715,22.9486483021
7.1547154715,26.1965667828
7.1557155716,24.7606954852
7.1567156716,22.7610186148
7.1577157716,24.6058176915
7.1587158716,24.6954503152
7.1597159716,23.1078467040
7.1607160716,22.7056967620
7.1617161716,24.1055224473
7.1627162716,24.3694139459
7.1637163716,24.3230558976
7.1647164716,24.4998641930
7.1657165717,22.9624055227
7.1667166717,22.5492648072
7.1677167717,23.3413960447
7.1687168717,22.8072830461
7.1697169717,24.9054777572
7.1707170717,23.2598696216
7.1717171717,23.3760254913
7.1727172717,23.3060781188
7.1737173717,23.9857539752
7.1747174717,23.5867998181
7.1757175718,23.6112570262
7.1767176718,24.9864356136
7.1777177718,23.3284948227
7.1787178718,24.7648597886
7.1797179718,23.4981064643
7.1807180718,22.6291991551
7.1817181718,24.1808784105
7.1827182718,26.2623765469
7.1837183718,24.0895217510
7.1847184718,22.9366649811
7.1857185719,23.0735797457
7.1867186719,24.0987363754
7.1877187719,23.9959947016
7.1887188719,23.7206343139
7.1897189719,24.4081329279
7.1907190719,23.6091207679
7.1917191719,24.5967067205
7.1927192719,23.4509455469
7.1937193719,25.1052972270
7.1947194719,22.7163202223
7.1957195720,23.4352286724
7.1967196720,24.1828095377
7.1977197720,24.5630108040
7.1987198720,24.7968910548
7.1997199720,24.8881793129
7.2007200720,23.7554470188
7.2017201720,23.0201031964
7.2027202720,23.1983367064
7.2037203720,20.6400828822
7.2047204720,21.9092909277
7.2057205721,24.5954996566
7.2067206721,24.3825235239
7.2077207721,22.2860716224
7.2087208721,23.1547370483
7.2097209721,22.0814926492
7.2107210721,23.5505433581
7.2117211721,23.7627995148
7.2127212721,23.2898096652
7.2137213721,23.3509726776
7.2147214721,24.7102696972
7.2157215722,24.1895709541
7.2167216722,23.2330728400
7.2177217722,24.1715468970
7.2187218722,24.8525166486
7.2197219722,23.6081187428
7.2207220722,22.8091120533
7.2217221722,23.3933867509
7.2227222722,24.7019472141
7.2237223722,23.6109178712
7.2247224722,22.5623682328
7.2257225723,22.9007291230
7.2267226723,24.1756702299
7.2277227723,24.8785389428
7.2287228723,23.8153960381
7.2297229723,23.9281566818
7.2307230723,25.5064478514
7.2317231723,22.3909004097
7.2327232723,22.5130677067
7.2337233723,24.8749454971
7.2347234723,22.2171126085
7.2357235724,22.7304116329
7.2367236724,23.1384156074
7.2377237724,23.1809440810
7.2387238724,23.2326402801
7.2397239724,23.7536044592
7.2407240724,24.3751006991
7.2417241724,22.7731984285
7.2427242724,22.9846818088
7.2437243724,22.8992095023
7.2447244724,23.7393084222
7.2457245725,21.4789368408
7.2467246725,24.8422263460
7.2477247725,25.1173760115
7.2487248725,24.0924946067
7.2497249725,23.1457243220
7.2507250725,23.1244609204
7.2517251725,23.7782037115
7.2527252725,22.3716014973
7.2537253725,23.6957011285
7.2547254725,22.8893066271
7.2557255726,24.5590379800
7.2567256726,21.3253484257
7.2577257726,22.8453473339
7.2587258726,23.6270366412
7.2597259726,25.7498045724
7.2607260726,22.3876531717
7.2617261726,24.0791642674
7.2627262726,23.3019278466
7.2637263726,21.5090290492
7.2647264726,22.6535017580
7.2657265727,23.8358515024
7.2667266727,22.9385494138
7.2677267727,22.8407387028
7.2687268727,22.1591764485
7.2697269727,24.1530442437
7.2707270727,23.6802792163
7.2717271727,23.3837847804
7.2727272727,24.0995189821
7.2737273727,24.5921021641
7.2747274727,23.0446195813
7.2757275728,24.9596847098
7.2767276728,24.5963041857
7.2777277728,23.0378312640
7.2787278728,23.2437982144
7.2797279728,23.8881194614
7.2807280728,22.7746090210
7.2817281728,23.2869330001
7.2827282728,24.9113798062
7.2837283728,23.2839414110
7.2847284728,23.7682755175
7.2857285729,22.8084071989
7.2867286729,23.7021833533
7.2877287729,25.4507129702
7.2887288729,24.4964386532
7.2897289729,24.2876817500
7.2907290729,23.9944076948
7.2917291729,24.2158325583
7.2927292729,24.1512836278
7.2937293729,21.9935580897
7.2947294729,23.9609370623
7.2957295730,25.6646160196
7.2967296730,23.5100137497
7.2977297730,23.5611187148
7.2987298730,24.4258276507
7.2997299730,23.8681459385
7.3007300730,24.6594548233
7.3017301730,23.8205091343
7.3027302730,25.8968900070
7.3037303730,23.2163134425
7.3047304730,23.9630182025
7.3057305731,23.7607776222
7.3067306731,24.2697008386
7.3077307731,24.5071157468
7.3087308731,24.1522508361
7.3097309731,25.6937902316
7.3107310731,21.4003785756
7.3117311731,26.5551252132
7.3127312731,25.4912708342
7.3137313731,23.9046116707
7.3147314731,25.0258851979
7.3157315732,24.4079295873
7.3167316732,24.4185880653
7.3177317732,23.3313810707
7.3187318732,22.8097964295
7.3197319732,25.0711766989
7.3207320732,23.7388975826
7.3217321732,24.8634475661
7.3227322732,23.5046239175
7.3237323732,23.7193408378
7.3247324732,23.9477426728
7.3257325733,24.7567822059
7.3267326733,23.6951254041
7.3277327733,24.8973111652
7.3287328733,24.7849841285
7.3297329733,23.1670865278
7.3307330733,23.6761354074
7.3317331733,25.2901615726
7.3327332733,24.8855023164
7.3337333733,25.1294989377
7.3347334733,22.5487597101
7.3357335734,23.9816971143
7.3367336734,26.3496477898
7.3377337734,23.8663358428
7.3387338734,21.9040123951
7.3397339734,24.3255211789
7.3407340734,22.5381796154
7.3417341734,25.0776315117
7.3427342734,23.7669573314
7.3437343734,23.5691438456
7.3447344734,22.9094272757
7.3457345735,23.0561364060
7.3467346735,22.2017493926
7.3477347735,23.6716629501
7.3487348735,23.8350446924
7.3497349735,24.6247687411
7.3507350735,23.1036776366
7.3517351735,23.4231400198
7.3527352735,23.9376440223
7.3537353735,23.0968044982
7.3547354735,24.1896180102
7.3557355736,24.0109392439
7.3567356736,25.8641839042
7.3577357736,24.2737605629
7.3587358736,25.0153407050
7.3597359736,23.7111942855
7.3607360736,24.2596244947
7.3617361736,25.5188797305
7.3627362736,24.7729611038
7.3637363736,23.1234909513
7.3647364736,24.8688062620
7.3657365737,23.5210613851
7.3667366737,23.4605622799
7.3677367737,22.0774064898
7.3687368737,22.2761723242
7.3697369737,23.8178378279
7.3707370737,23.2601837195
7.3717371737,23.5336660602
7.3727372737,23.8124910877
7.3737373737,24.8439834734
7.3747374737,22.4907895514
7.3757375738,25.6566130000
7.3767376738,25.3610209972
7.3777377738,23.1698340122
7.3787378738,22.1362955757
7.3797379738,23.8842006193
7.3807380738,23.9986277315
7.3817381738,22.9524715006
7.3827382738,21.5647253780
7.3837383738,24.1859481836
7.3847384738,24.3004096011
7.3857385739,24.7965818163
7.3867386739,24.2692370590
7.3877387739,25.0062734933
7.3887388739,24.3235973793
7.3897389739,23.3439130622
7.3907390739,22.4737317954
7.3917391739,24.3775406856
7.3927392739,25.2795451017
7.3937393739,24.5365237786
7.3947394739,23.3761516549
7.3957395740,24.9798306057
7.3967396740,22.0508382271
7.3977397740,23.4924906747
7.3987398740,22.9312590766
7.3997399740,23.1710441257
7.4007400740,25.2217937793
7.4017401740,22.5590947579
7.4027402740,23.1529871410
7.4037403740,23.5633492224
7.4047404740,23.4415586195
7.4057405741,24.5564990443
7.4067406741,24.3000252030
7.4077407741,23.6840977028
7.4087408741,23.6024514710
7.4097409741,24.9396775581
7.4107410741,24.6344276541
7.4117411741,24.4192562048
7.4127412741,26.4046821735
7.4137413741,23.8576818040
7.4147414741,24.4009371396
7.4157415742,23.3575038170
7.4167416742,24.1270298325
7.4177417742,23.4064290696
7.4187418742,22.7416998741
7.4197419742,23.8713080842
7.4207420742,23.1723088161
7.4217421742,24.0515350246
7.4227422742,24.2133434558
7.4237423742,23.9697968244
7.4247424742,24.5313392838
7.4257425743,23.5297407234
7.4267426743,22.5444246940
7.4277427743,22.7894127246
7.4287428743,24.1238705975
7.4297429743,23.3794364354
7.4307430743,24.5015287800
7.4317431743,23.7530032227
7.4327432743,24.1793295744
7.4337433743,24.3130733283
7.4347434743,26.2587560964
7.4357435744,24.3894690168
7.4367436744,23.0995671623
7.4377437744,25.0710427908
7.4387438744,24.7927109562
7.4397439744,24.1362291933
7.4407440744,24.4086572935
7.4417441744,24.3141302792
7.4427442744,25.2167588500
7.4437443744,23.4859260126
7.4447444744,21.7625986457
7.4457445745,24.3144037145
7.4467446745,23.5861772652
7.4477447745,22.9979154995
7.4487448745,23.4915757898
7.4497449745,25.6724939155
7.4507450745,23.1244659205
7.4517451745,23.4856488810
7.4527452745,24.1422194557
7.4537453745,24.0301815586
7.4547454745,23.2687231176
7.4557455746,24.6579626332
7.4567456746,25.9677401623
7.4577457746,24.4025828816
7.4587458746,24.1914406322
7.4597459746,25.0639243372
7.4607460746,25.4940497535
7.4617461746,21.5237839802
7.4627462746,23.8238654749
7.4637463746,24.5939999827
7.4647464746,24.3487613577
7.4657465747,24.2136183139
7.4667466747,22.8392847679
7.4677467747,23.5540448648
7.4687468747,25.4770709518
7.4697469747,25.2798096039
7.4707470747,22.6069270754
7.4717471747,24.5740454874
7.4727472747,21.9221937306
7.4737473747,23.4513172217
7.4747474747,24.8025501068
7.4757475748,23.4817938060
7.4767476748,22.8071622575
7.4777477748,25.4806352950
7.4787478748,25.7242620818
7.4797479748,23.9777963238
7.4807480748,23.2005126236
7.4817481748,25.1365301192
7.4827482748,24.7743157085
7.4837483748,25.1563704375
7.4847484748,24.4697355902
7.4857485749,23.3062114855
7.4867486749,23.6972369785
7.4877487749,23.8675675833
7.4887488749,23.3023248846
7.4897489749,25.0210583670
7.4907490749,25.2004154040
7.4917491749,25.4117411731
7.4927492749,25.4439328231
7.4937493749,25.4522949526
7.4947494749,23.7830182232
7.4957495750,23.4588536025
7.4967496750,23.2521367381
7.4977497750,25.5260424085
7.4987498750,23.0813814981
7.4997499750,24.3231111756
7.5007500750,24.5690009759
7.5017501750,24.0730293284
7.5027502750,24.6683579038
7.5037503750,25.3830164418
7.5047504750,23.8728746596
7.5057505751,22.9478842126
7.5067506751,24.3489200865
7.5077507751,25.1335979894
7.5087508751,23.3337879969
7.5097509751,23.5115562743
7.5107510751,23.7938415507
7.5117511751,23.6271842367
7.5127512751,24.1039152162
7.5137513751,25.4179349662
7.5147514751,25.2527952052
7.5157515752,24.7737504394
7.5167516752,26.4013269205
7.5177517752,25.1679608491
7.5187518752,23.6004052115
7.5197519752,23.1435211203
7.5207520752,24.6485023173
7.5217521752,24.9068735880
7.5227522752,23.7781775509
7.5237523752,24.4533511235
7.5247524752,24.0733040130
7.5257525753,24.3880600077
7.5267526753,24.8548093084
7.5277527753,24.9882678287
7.5287528753,25.9489989326
7.5297529753,24.1791000821
7.5307530753,23.8485172862
7.5317531753,26.2865736624
7.5327532753,24.4814229398
7.5337533753,25.2011853660
7.5347534753,24.3037740789
7.5357535754,24.4867177371
7.5367536754,23.5928500178
7.5377537754,25.6150477785
7.5387538754,23.9869991157
7.5397539754,25.3647234728
7.5407540754,25.0168525204
7.5417541754,26.3457641314
7.5427542754,24.2686532174
7.5437543754,24.3580268703
7.5447544754,24.9076630571
7.5457545755,23.7225276241
7.5467546755,23.1804439210
7.5477547755,24.5466569916
7.5487548755,24.0993286488
7.5497549755,24.9233323969
7.5507550755,24.1579838638
7.5517551755,24.0696700842
7.5527552755,24.2101587139
7.5537553755,24.7044875482
7.5547554755,24.2980770116
7.5557555756,25.8460226687
7.5567556756,23.9906352573
7.5577557756,24.8813824388
7.5587558756,23.8493941638
7.5597559756,24.8083770073
7.5607560756,21.9974529227
7.5617561756,23.2960556079
7.5627562756,23.8266052883
7.5637563756,24.9500280401
7.5647564756,25.2964624460
7.5657565757,25.4027992378
7.5667566757,24.4832228616
7.5677567757,27.7140981277
7.5687568757,25.3759877130
7.5697569757,23.3672036168
7.5707570757,24.0066174452
7.5717571757,27.3445895570
7.5727572757,24.1783278129
7.5737573757,25.4852074046
7.5747574757,23.6403033991
7.5757575758,26.0582258594
7.5767576758,24.9299658623
7.5777577758,24.6587795124
7.5787578758,25.8582879981
7.5797579758,26.4605506056
7.5807580758,23.9617513529
7.5817581758,24.3803944514
7.5827582758,24.4243981664
7.5837583758,24.4437586141
7.5847584758,23.6959537382
7.5857585759,25.7162432450
7.5867586759,26.3383720147
7.5877587759,23.9855688271
7.5887588759,25.7193798689
7.5897589759,25.9430965460
7.5907590759,22.9271159715
7.5917591759,26.2957518249
7.5927592759,24.8205200900
7.5937593759,23.8025194062
7.5947594759,24.5877410174
7.5957595760,24.8327764595
7.5967596760,24.1139626598
7.5977597760,24.5395749778
7.5987598760,23.5934291661
7.5997599760,25.2684357517
7.6007600760,25.6654250027
7.6017601760,24.3916909079
7.6027602760,25.9778261416
7.6037603760,25.2187492929
7.6047604760,26.2125391985
7.6057605761,25.1747262030
7.6067606761,24.6085725399
7.6077607761,24.9976575189
7.6087608761,25.5282046109
7.6097609761,24.5492172264
7.6107610761,24.3732445876
7.6117611761,23.9578955149
7.6127612761,25.2307099302
7.6137613761,23.0793057336
7.6147614761,25.3297137785
7.6157615762,26.2820934552
7.6167616762,23.9368016481
7.6177617762,23.2722321793
7.6187618762,24.0088343983
7.6197619762,24.3607986267
7.6207620762,25.2031588820
7.6217621762,24.2191502906
7.6227622762,24.8863964467
7.6237623762,24.4658170429
7.6247624762,23.6969842551
7.6257625763,24.1392649862
7.6267626763,25.4939766747
7.6277627763,23.5160015748
7.6287628763,25.3228090126
7.6297629763,25.7022989877
7.6307630763,24.3710958205
7.6317631763,26.1665310173
7.6327632763,25.2432165538
7.6337633763,25.7001702055
7.6347634763,25.9668374681
7.6357635764,26.4106831887
7.6367636764,24.6726348893
7.6377637764,25.3570226797
7.6387638764,26.3053989460
7.6397639764,26.3720098147
7.6407640764,25.9200147900
7.6417641764,25.8182174777
7.6427642764,25.8814620614
7.6437643764,25.2110682272
7.6447644764,24.1824126187
7.6457645765,24.4851701425
7.6467646765,26.2058597968
7.6477647765,23.5614731429
7.6487648765,25.8582921874
7.6497649765,24.5795683668
7.6507650765,25.2885103471
7.6517651765,25.0949798370
7.6527652765,25.7551751137
7.6537653765,24.6166789249
7.6547654765,26.4943545657
7.6557655766,25.7453592234
7.6567656766,24.0451275536
7.6577657766,23.7976955852
7.6587658766,23.8369808875
7.6597659766,25.1715463572
7.6607660766,26.7050398938
7.6617661766,25.1500057253
7.6627662766,24.9932973670
7.6637663766,24.3197991529
7.6647664766,25.8972763691
7.6657665767,24.7593242178
7.6667666767,25.8043125180
7.6677667767,23.8176355863
7.6687668767,23.2560556124
7.6697669767,25.8465981453
7.6707670767,23.8081128381
7.6717671767,22.2436237373
7.6727672767,25.6264425476
7.6737673767,24.8974911094
7.6747674767,25.9029804061
7.6757675768,25.8330689628
7.6767676768,25.1406047692
7.6777677768,22.7740684612
7.6787678768,24.7274005805
7.6797679768,26.0055754289
7.6807680768,22.3254566296
7.6817681768,23.6710643945
7.6827682768,24.9164529112
7.6837683768,27.0486830573
7.6847684768,24.1413940812
7.6857685769,26.5358321453
7.6867686769,26.3382255250
7.6877687769,25.4936413311
7.6887688769,24.5764213366
7.6897689769,22.3563386597
7.6907690769,25.1886272214
7.6917691769,26.5607413769
7.6927692769,24.2763653994
7.6937693769,25.1796145608
7.6947694769,25.1985281587
7.6957695770,24.8097718778
7.6967696770,25.8333759085
7.6977697770,26.0380654205
7.6987698770,24.3898457397
7.6997699770,24.8081499184
7.7007700770,25.3818622135
7.7017701770,24.5812496855
7.7027702770,26.4771443624
7.7037703770,25.1517498612
7.7047704770,25.2971327118
7.7057705771,26.0678849566
7.7067706771,24.4639197727
7.7077707771,24.9250767211
7.7087708771,25.7138467684
7.7097709771,24.3442952717
7.7107710771,24.7681629318
7.7117711771,26.8309139147
7.7127712771,25.4296408034
7.7137713771,23.4984256729
7.7147714771,25.0927013490
7.7157715772,24.9751647515
7.7167716772,25.2947371128
7.7177717772,25.1184788767
7.7187718772,25.1302090851
7.7197719772,25.9004845922
7.7207720772,24.2289911697
7.7217721772,25.3110788827
7.7227722772,26.0965451304
7.7237723772,25.1130311064
7.7247724772,25.5999760935
7.7257725773,25.6964369850
7.7267726773,24.9905496384
7.7277727773,25.5751354135
7.7287728773,25.3785839983
7.7297729773,24.9716541524
7.7307730773,25.2149946111
7.7317731773,25.5507655537
7.7327732773,26.7947978860
7.7337733773,24.3052268576
7.7347734773,26.6213959216
7.7357735774,24.2868913661
7.7367736774,25.2277086447
7.7377737774,26.4571774585
7.7387738774,22.9201997969
7.7397739774,25.0499692600
7.7407740774,24.8606949621
7.7417741774,24.0000379683
7.7427742774,25.6291657858
7.7437743774,25.2895120896
7.7447744774,23.2010283325
7.7457745775,26.1163928799
7.7467746775,24.6727034423
7.7477747775,25.9893788159
7.7487748775,23.8297890209
7.7497749775,26.3208815556
7.7507750775,27.0132370925
7.7517751775,27.1584998679
7.7527752775,23.8546490152
7.7537753775,23.3507572662
7.7547754775,25.9552643345
7.7557755776,25.6275149321
7.7567756776,24.7240159906
7.7577757776,24.9277273130
7.7587758776,26.3969395822
7.7597759776,24.5565135524
7.7607760776,23.5677374148
7.7617761776,26.3829288208
7.7627762776,25.3215483922
7.7637763776,25.5124937218
7.7647764776,25.5805117252
7.7657765777,25.6862778317
7.7667766777,24.6633326419
7.7677767777,23.4238601266
7.7687768777,26.1010934989
7.7697769777,24.5236914381
7.7707770777,25.0910327207
7.7717771777,25.2715907403
7.7727772777,23.8656225953
7.7737773777,24.5208434800
7.7747774777,25.9364615459
7.7757775778,25.5491208903
7.7767776778,25.3799138797
7.7777777778,24.6177836916
7.7787778778,23.8778879204
7.7797779778,25.1885704875
7.7807780778,25.8204052938
7.7817781778,23.0885380876
7.7827782778,25.8346594916
7.7837783778,25.5785129589
7.7847784778,23.7396699620
7.7857785779,25.0180569158
7.7867786779,25.2647205954
7.7877787779,25.9089699649
7.7887788779,26.0230600059
7.7897789779,24.9766042362
7.7907790779,26.4527842339
7.7917791779,26.2361660189
7.7927792779,25.9912879133
7.7937793779,24.5579987096
7.7947794779,23.9696991917
7.7957795780,26.5515384582
7.7967796780,26.7169362678
7.7977797780,24.5892520217
7.7987798780,26.3235170106
7.7997799780,24.6261108808
7.8007800780,25.5545507549
7.8017801780,24.4722667569
7.8027802780,26.5401468222
7.8037803780,25.4557117841
7.8047804780,26.4992125777
7.8057805781,25.3965213372
7.8067806781,24.1523578489
7.8077807781,25.6567760033
7.8087808781,26.6616209182
7.8097809781,24.6113927366
7.8107810781,25.4775438390
7.8117811781,26.3949575134
7.8127812781,24.6428486559
7.8137813781,25.6199551272
7.8147814781,24.6311391412
7.8157815782,25.0495152676
7.8167816782,25.5707267904
7.8177817782,24.1097304925
7.8187818782,25.9524164966
7.8197819782,26.0706118106
7.8207820782,26.3632598452
7.8217821782,26.8081350593
7.8227822782,26.1951880117
7.8237823782,25.5366662072
7.8247824782,23.8257863185
7.8257825783,26.4125186408
7.8267826783,27.0234743174
7.8277827783,25.3463399172
7.8287828783,28.0199927105
7.8297829783,26.2312585504
7.8307830783,25.0074332449
7.8317831783,25.8691230661
7.8327832783,25.6815025552
7.8337833783,26.9990451889
7.8347834783,25.7264807911
7.8357835784,25.7253134081
7.8367836784,26.3214647189
7.8377837784,26.3040520335
7.8387838784,27.2661684297
7.8397839784,24.6546798156
7.8407840784,24.4888799010
7.8417841784,25.3414426089
7.8427842784,26.3388468602
7.8437843784,26.5930531586
7.8447844784,26.8328242335
7.8457845785,26.8648234519
7.8467846785,25.8102638260
7.8477847785,24.9605293385
7.8487848785,25.5619452300
7.8497849785,25.0000096319
7.8507850785,23.8453158134
7.8517851785,25.6546004226
7.8527852785,26.3193570695
7.8537853785,24.3472924308
7.8547854785,25.7565039164
7.8557855786,26.0290167993
7.8567856786,26.6614290298
7.8577857786,24.7723073611
7.8587858786,23.3305419027
7.8597859786,23.6505940892
7.8607860786,25.3383819657
7.8617861786,26.6471899004
7.8627862786,24.5216107045
7.8637863786,25.9771969158
7.8647864786,25.9178793869
7.8657865787,25.2847889600
7.8667866787,25.6085258296
7.8677867787,26.8287434792
7.8687868787,26.2171693845
7.8697869787,24.3659181144
7.8707870787,26.5824188247
7.8717871787,25.1690463214
7.8727872787,24.6167888047
7.8737873787,26.3276023681
7.8747874787,26.1252440313
7.8757875788,26.7767331261
7.8767876788,24.3727031262
7.8777877788,26.3523592907
7.8787878788,25.9897333232
7.8797879788,25.3232699433
7.8807880788,25.4142858493
7.8817881788,26.0491678432
7.8827882788,25.8579083802
7.8837883788,25.1900561403
7.8847884788,25.3152350962
7.8857885789,26.1811659786
7.8867886789,25.6509745544
7.8877887789,25.0676641893
7.8887888789,27.0077673563
7.8897889789,25.1587207209
7.8907890789,25.0319732760
7.8917891789,26.6051605940
7.8927892789,25.2683283719
7.8937893789,26.0732610535
7.8947894789,26.2131724247
7.8957895790,26.3243380704
7.8967896790,25.4179919419
7.8977897790,25.7744793188
7.8987898790,26.6688986668
7.8997899790,26.9484478561
7.9007900790,25.8157070229
7.9017901790,26.3985333561
7.9027902790,24.6518466713
7.9037903790,24.7375612942
7.9047904790,23.7515252887
7.9057905791,26.9325277829
7.9067906791,25.9190733614
7.9077907791,26.2939231872
7.9087908791,26.7097268237
7.9097909791,25.2372009512
7.9107910791,26.5439869380
7.9117911791,24.5123829352
7.9127912791,23.5911412333
7.9137913791,27.1257868494
7.9147914791,26.9848011000
7.9157915792,25.9863798252
7.9167916792,25.5232659772
7.9177917792,24.1384032002
7.9187918792,25.7455982574
7.9197919792,25.7209855577
7.9207920792,25.8609312207
7.9217921792,23.9002375226
7.9227922792,28.2055928864
7.9237923792,27.8815426643
7.9247924792,24.9486931673
7.9257925793,27.0450923872
7.9267926793,26.9163412617
7.9277927793,25.9849187339
7.9287928793,26.4935046820
7.9297929793,26.3896243621
7.9307930793,25.5113540979
7.9317931793,24.0647371401
7.9327932793,26.6337791761
7.9337933793,26.0277362990
7.9347934793,24.3771983628
7.9357935794,23.4697512387
7.9367936794,26.1334836211
7.9377937794,25.2054355865
7.9387938794,25.6459026789
7.9397939794,25.1160534595
7.9407940794,24.9828784072
7.9417941794,26.6117229795
7.9427942794,27.4985038870
7.9437943794,26.1539240806
7.9447944794,26.2506714411
7.9457945795,26.5217302385
7.9467946795,25.6592870988
7.9477947795,27.0864739917
7.9487948795,26.1497670535
7.9497949795,25.3202439352
7.9507950795,27.9977591887
7.9517951795,25.8245207959
7.9527952795,25.9630103265
7.9537953795,26.1970640712
7.9547954795,24.3646880765
7.9557955796,26.4706496606
7.9567956796,27.3429003340
7.9577957796,26.1857644846
7.9587958796,25.7735249755
7.9597959796,26.3053382206
7.9607960796,25.5647670859
7.9617961796,25.8410403005
7.9627962796,26.7568625439
7.9637963796,27.4571629197
7.9647964796,26.5210232247
7.9657965797,26.2911326703
7.9667966797,25.1802467121
7.9677967797,25.7217272098
7.9687968797,26.0841599891
7.9697969797,24.6309403986
7.9707970797,26.0784292462
7.9717971797,25.9617358092
7.9727972797,25.2981213617
7.9737973797,26.2769713459
7.9747974797,24.7471182043
7.9757975798,25.7077098360
7.9767976798,25.0000265418
7.9777977798,25.3398901917
7.9787978798,26.6028040052
7.9797979798,26.6515446944
7.9807980798,26.4151382080
7.9817981798,26.1050655314
7.9827982798,25.2944730224
7.9837983798,26.2748754514
7.9847984798,25.0067499466
7.9857985799,25.3418790283
7.9867986799,27.7352245713
7.9877987799,24.5631470805
7.9887988799,25.7719876303
7.9897989799,27.0142154111
7.9907990799,26.2839086579
7.9917991799,26.5407264681
7.9927992799,27.2217835969
7.9937993799,27.0044772047
7.9947994799,25.8162623273
7.9957995800,25.8683640342
7.9967996800,25.6495046979
7.9977997800,27.1205225972
7.9987998800,24.6774522145
7.9997999800,23.8117342865
8.0008000800,27.2380555861
8.0018001800,25.9407488074
8.0028002800,25.9749811094
8.0038003800,25.8679300149
8.0048004800,26.9568180676
8.0058005801,26.7790103806
8.0068006801,26.3900154455
8.0078007801,25.6619029892
8.0088008801,26.0909489260
8.0098009801,26.0763934926
8.0108010801,26.0760458482
8.0118011801,28.1836700523
8.0128012801,25.0474388743
8.0138013801,24.3066183698
8.0148014801,25.2705994028
8.0158015802,24.8202757818
8.0168016802,27.1043462726
8.0178017802,25.5263804259
8.0188018802,25.8775905032
8.0198019802,25.8436473767
8.0208020802,26.9418127162
8.0218021802,26.7878816264
8.0228022802,26.2657231221
8.0238023802,26.2476285167
8.0248024802,26.5766720223
8.0258025803,26.0792751720
8.0268026803,27.2808632394
8.0278027803,26.2051255562
8.0288028803,27.0704538807
8.0298029803,24.9930690802
8.0308030803,25.7430279377
8.0318031803,26.6951855301
8.0328032803,25.6531571953
8.0338033803,26.2170935151
8.0348034803,25.3868226617
8.0358035804,24.9147129301
8.0368036804,25.1475818715
8.0378037804,27.0972897808
8.0388038804,25.5645074891
8.0398039804,26.5896226848
8.0408040804,26.9990327340
8.0418041804,27.3287522190
8.0428042804,27.3009193241
8.0438043804,24.7004282935
8.0448044804,26.3023219775
8.0458045805,25.3704734101
8.0468046805,26.5392059218
8.0478047805,27.3592098661
8.0488048805,25.2406577305
8.0498049805,25.1974943438
8.0508050805,26.3819853960
8.0518051805,25.9057946559
8.0528052805,26.8851108798
8.0538053805,27.4257688689
8.0548054805,27.3419189742
8.0558055806,26.9708796437
8.0568056806,26.7910836349
8.0578057806,25.7349188112
8.0588058806,25.9723801903
8.0598059806,27.0463113369
8.0608060806,26.2626953125
8.0618061806,25.8080925827
8.0628062806,24.5102567869
8.0638063806,26.3536251729
8.0648064806,24.6843981487
8.0658065807,26.3290585417
8.0668066807,26.9050178218
8.0678067807,25.8571112162
8.0688068807,27.1047319858
8.0698069807,25.2209678921
8.0708070807,24.8176618304
8.0718071807,26.3758117246
8.0728072807,24.8990036081
8.0738073807,26.1521144954
8.0748074807,26.2158308812
8.0758075808,25.9375625295
8.0768076808,26.2791988368
8.0778077808,24.0416376958
8.0788078808,24.8840393749
8.0798079808,26.5078232901
8.0808080808,26.3977966646
8.0818081808,26.9740970174
8.0828082808,26.6507351193
8.0838083808,28.1219133917
8.0848084808,26.1999615973
8.0858085809,25.7770941365
8.0868086809,27.8529305168
8.0878087809,26.3325546414
8.0888088809,26.1112297779
8.0898089809,26.2840794339
8.0908090809,25.5505263295
8.0918091809,25.1820820805
8.0928092809,25.4060025306
8.0938093809,25.6370373036
8.0948094809,25.6160352199
8.0958095810,26.4697215041
8.0968096810,26.9640405530
8.0978097810,28.2305394828
8.0988098810,26.1004914236
8.0998099810,25.2777684123
8.1008100810,26.2193979840
8.1018101810,25.0091690094
8.1028102810,25.5545272207
8.1038103810,25.8398415103
8.1048104810,28.0568051623
8.1058105811,26.2679064658
8.1068106811,25.8516099530
8.1078107811,25.9490954320
8.1088108811,27.1899752896
8.1098109811,27.6116468557
8.1108110811,26.6018074767
8.1118111811,27.4144186634
8.1128112811,27.0446535464
8.1138113811,26.6199041063
8.1148114811,25.1086002936
8.1158115812,27.1567303803
8.1168116812,26.9891834841
8.1178117812,28.0504018098
8.1188118812,25.9654947245
8.1198119812,26.5900626734
8.1208120812,26.3792679614
8.1218121812,26.5849692179
8.1228122812,28.1170907603
8.1238123812,24.6238178351
8.1248124812,26.6429403679
8.1258125813,25.8637347105
8.1268126813,27.0643940408
8.1278127813,25.9538131158
8.1288128813,28.2263262518
8.1298129813,25.9022167277
8.1308130813,26.8570254349
8.1318131813,26.0749176159
8.1328132813,26.0211628636
8.1338133813,25.7544470214
8.1348134813,25.7733962855
8.1358135814,27.7746081769
8.1368136814,25.5732789352
8.1378137814,26.0520888256
8.1388138814,26.6700415703
8.1398139814,25.9829340706
8.1408140814,28.0912102138
8.1418141814,26.4807072531
8.1428142814,25.8234192822
8.1438143814,26.1833166827
8.1448144814,25.7847046424
8.1458145815,28.0996984603
8.1468146815,25.2938428973
8.1478147815,26.4017556130
8.1488148815,26.9492260443
8.1498149815,26.7177017666
8.1508150815,26.6481553672
8.1518151815,24.5566772938
8.1528152815,23.9201395273
8.1538153815,27.0253825124
8.1548154815,25.2386453844
8.1558155816,26.8772265565
8.1568156816,26.0748454636
8.1578157816,25.6667175149
8.1588158816,25.3824190957
8.1598159816,25.5245469114
8.1608160816,26.5707727152
8.1618161816,25.9814315923
8.1628162816,28.0007186686
8.1638163816,26.9402713956
8.1648164816,26.9350520547
8.1658165817,24.6117892553
8.1668166817,26.1184116871
8.1678167817,27.8679931328
8.1688168817,26.4070470675
8.1698169817,25.4313243203
8.1708170817,25.7708906767
8.1718171817,27.4861165195
8.1728172817,26.9955969704
8.1738173817,26.3667976002
8.1748174817,27.2842341767
8.1758175818,25.4749931165
8.1768176818,28.1138927129
8.1778177818,26.8104739665
8.1788178818,26.5126000185
8.1798179818,27.8241631141
8.1808180818,26.6471171486
8.1818181818,24.2338150634
8.1828182818,26.3880659717
8.1838183818,26.3793142181
8.1848184818,26.2962304376
8.1858185819,25.8267376760
8.1868186819,27.8650894969
8.1878187819,26.8418857715
8.1888188819,27.4914402740
8.1898189819,26.5655663785
8.1908190819,27.6712201241
8.1918191819,25.9583312704
8.1928192819,26.3351845296
8.1938193819,27.0926522886
8.1948194819,25.8584160313
8.1958195820,27.9883838625
8.1968196820,25.7809356341
8.1978197820,27.1865462975
8.1988198820,24.8226650263
8.1998199820,27.6729495751
8.2008200820,25.6218112453
8.2018201820,27.6905284258
8.2028202820,26.1333858302
8.2038203820,26.2541490622
8.2048204820,28.5527037163
8.2058205821,27.9641505341
8.2068206821,28.1933217614
8.2078207821,26.0776118162
8.2088208821,28.2691044947
8.2098209821,24.9610390720
8.2108210821,28.7541385583
8.2118211821,26.0344006176
8.2128212821,24.6073802793
8.2138213821,26.9055718076
8.2148214821,27.3967194094
8.2158215822,26.1811121420
8.2168216822,27.4786349369
8.2178217822,26.9613994898
8.2188218822,25.1830290660
8.2198219822,26.0660809447
8.2208220822,26.5208932896
8.2218221822,26.9852105119
8.2228222822,26.2713195158
8.2238223822,27.2132388738
8.2248224822,26.5300408074
8.2258225823,26.8277219420
8.2268226823,27.6762876804
8.2278227823,26.3969755601
8.2288228823,26.4400227626
8.2298229823,27.2741835943
8.2308230823,26.8488237903
8.2318231823,26.6118931900
8.2328232823,30.0158384686
8.2338233823,26.4516437277
8.2348234823,25.8411661941
8.2358235824,26.9729732671
8.2368236824,24.9975830223
8.2378237824,27.0043702409
8.2388238824,26.4206142312
8.2398239824,27.1773824449
8.2408240824,26.8037066043
8.2418241824,28.7027035098
8.2428242824,27.7431215644
8.2438243824,26.9077877583
8.2448244824,25.9156629201
8.2458245825,25.2711266883
8.2468246825,26.1406608125
8.2478247825,28.9981736466
8.2488248825,27.7009599198
8.2498249825,28.0348623041
8.2508250825,25.8879158635
8.2518251825,26.2073095045
8.2528252825,26.6046393027
8.2538253825,27.3484160953
8.2548254825,26.1301229391
8.2558255826,25.1353558276
8.2568256826,27.3290411716
8.2578257826,26.0220298731
8.2588258826,27.4528934300
8.2598259826,28.2063193472
8.2608260826,29.1401863978
8.2618261826,25.5618743130
8.2628262826,25.7633075173
8.2638263826,26.4293702425
8.2648264826,27.4288063163
8.2658265827,28.0741454436
8.2668266827,26.5501472553
8.2678267827,25.1309213040
8.2688268827,27.0334126988
8.2698269827,26.7308884498
8.2708270827,26.7821746326
8.2718271827,26.8860545296
8.2728272827,26.3374508904
8.2738273827,25.3058189856
8.2748274827,25.8659976751
8.2758275828,25.9046907698
8.2768276828,28.3397760651
8.2778277828,28.5512398222
8.2788278828,26.5501075853
8.2798279828,24.8111195470
8.2808280828,26.3221118232
8.2818281828,25.0030689161
8.2828282828,26.0948118715
8.2838283828,27.2141982479
8.2848284828,26.6918926556
8.2858285829,26.4326723600
8.2868286829,26.7059124174
8.2878287829,27.7116949448
8.2888288829,26.5917293769
8.2898289829,26.0292045193
8.2908290829,27.0755924022
8.2918291829,25.7541658056
8.2928292829,27.6345157850
8.2938293829,26.4738038356
8.2948294829,27.0640827792
8.2958295830,26.7601379307
8.2968296830,26.2461406976
8.2978297830,26.2110195948
8.2988298830,26.2163039816
8.2998299830,27.2413725334
8.3008300830,26.9435092130
8.3018301830,27.4952578746
8.3028302830,27.1434268494
8.3038303830,26.6908306757
8.3048304830,27.7370152134
8.3058305831,27.5044954107
8.3068306831,27.0294801932
8.3078307831,28.2485965844
8.3088308831,27.0688547424
8.3098309831,27.6589146989
8.3108310831,26.3380578241
8.3118311831,27.2808336823
8.3128312831,27.2035121119
8.3138313831,28.2099552612
8.3148314831,27.2705453603
8.3158315832,25.9975565119
8.3168316832,26.4912178552
8.3178317832,27.6456652988
8.3188318832,27.8692335718
8.3198319832,25.5653608894
8.3208320832,25.3513843111
8.3218321832,28.1474868425
8.3228322832,26.9717264658
8.3238323832,26.6040596680
8.3248324832,27.6060741301
8.3258325833,28.3426980796
8.3268326833,26.0826173422
8.3278327833,27.1453423641
8.3288328833,29.3788163306
8.3298329833,27.4793134436
8.3308330833,27.0212327279
8.3318331833,26.5927595209
8.3328332833,26.2967919977
8.3338333833,28.0330297755
8.3348334833,24.8165360018
8.3358335834,26.6695257936
8.3368336834,27.5828388877
8.3378337834,27.9776946315
8.3388338834,27.5293661826
8.3398339834,25.9501903880
8.3408340834,27.3053387156
8.3418341834,27.8376467436
8.3428342834,25.7212235603
8.3438343834,27.5724499592
8.3448344834,28.7361739209
8.3458345835,24.8189777801
8.3468346835,27.3579789159
8.3478347835,26.5870016565
8.3488348835,26.7287103000
8.3498349835,26.5041559109
8.3508350835,25.7509449151
8.3518351835,27.8334386788
8.3528352835,26.5199630959
8.3538353835,27.9199678180
8.3548354835,27.8947576293
8.3558355836,26.1042405334
8.3568356836,29.9097070112
8.3578357836,27.2402691526
8.3588358836,25.6370265994
8.3598359836,27.9902932524
8.3608360836,27.1944923704
8.3618361836,27.7265891623
8.3628362836,26.5825892475
8.3638363836,26.2351246047
8.3648364836,25.4980746183
8.3658365837,26.6162822218
8.3668366837,29.2350788101
8.3678367837,25.2132940430
8.3688368837,27.0517779086
8.3698369837,27.6649954911
8.3708370837,27.5733298541
8.3718371837,28.2704343308
8.3728372837,26.9428130687
8.3738373837,26.4323266419
8.3748374837,27.1955188918
8.3758375838,25.2869873968
8.3768376838,26.4917900561
8.3778377838,26.4966617129
8.3788378838,26.5762782000
8.3798379838,28.4803990619
8.3808380838,26.7400451824
8.3818381838,25.9040348516
8.3828382838,26.7716222393
8.3838383838,28.3402540040
8.3848384838,26.3846483184
8.3858385839,26.9374238728
8.3868386839,27.7737546950
8.3878387839,26.1850844486
8.3888388839,27.3896173103
8.3898389839,26.7833756784
8.3908390839,27.4431620403
8.3918391839,27.7056557043
8.3928392839,25.9383039189
8.3938393839,27.4120764710
8.3948394839,27.7321574965
8.3958395840,27.0003076749
8.3968396840,28.9311275037
8.3978397840,26.7962409308
8.3988398840,28.9993928163
8.3998399840,29.0018026649
8.4008400840,27.3206986426
8.4018401840,28.0352376965
8.4028402840,27.1921081398
8.4038403840,26.7622400579
8.4048404840,27.6271843307
8.4058405841,25.9224465508
8.4068406841,28.6352404511
8.4078407841,28.0345290410
8.4088408841,27.6992122620
8.4098409841,29.4441836497
8.4108410841,26.2360221781
8.4118411841,27.2249350715
8.4128412841,28.6139915756
8.4138413841,26.6821765902
8.4148414841,27.3145285912
8.4158415842,27.4859353154
8.4168416842,27.7178957579
8.4178417842,27.3325848393
8.4188418842,25.9966050471
8.4198419842,27.1791403432
8.4208420842,25.5789242838
8.4218421842,29.6193309390
8.4228422842,28.3126295616
8.4238423842,25.7963230292
8.4248424842,26.4033714431
8.4258425843,26.3381697308
8.4268426843,27.3755554770
8.4278427843,28.2941200485
8.4288428843,27.1143529278
8.4298429843,27.6311319896
8.4308430843,27.4881568711
8.4318431843,26.9226317294
8.4328432843,28.9379970560
8.4338433843,24.9735681163
8.4348434843,27.0091064302
8.4358435844,26.7984274973
8.4368436844,28.7189142090
8.4378437844,26.3616898207
8.4388438844,27.4637567389
8.4398439844,27.4386863604
8.4408440844,27.9270246776
8.4418441844,27.3997055883
8.4428442844,26.7480479612
8.4438443844,28.1335096475
8.4448444844,27.7350439725
8.4458445845,27.0646989184
8.4468446845,27.2237549591
8.4478447845,27.0483592732
8.4488448845,28.7598086168
8.4498449845,26.8475934815
8.4508450845,28.2979833498
8.4518451845,26.5116007572
8.4528452845,27.3028681973
8.4538453845,26.0035921934
8.4548454845,26.2619946066
8.4558455846,29.8613998479
8.4568456846,27.3017401238
8.4578457846,26.2115350176
8.4588458846,27.1403708700
8.4598459846,27.0263868322
8.4608460846,27.8592868353
8.4618461846,27.3208378588
8.4628462846,26.3946380605
8.4638463846,27.5995013423
8.4648464846,26.2665498653
8.4658465847,29.0594873445
8.4668466847,27.6183560983
8.4678467847,27.5216112844
8.4688468847,27.4263294812
8.4698469847,27.7827227614
8.4708470847,26.4026678195
8.4718471847,25.3130805150
8.4728472847,27.7014022775
8.4738473847,28.2086379957
8.4748474847,26.7893828290
8.4758475848,27.4121916944
8.4768476848,27.7570284397
8.4778477848,26.1657327049
8.4788478848,27.2624831272
8.4798479848,27.0988492725
8.4808480848,27.3087640072
8.4818481848,27.1028113804
8.4828482848,28.7549922719
8.4838483848,27.8003621278
8.4848484848,28.1500907554
8.4858485849,29.5774552270
8.4868486849,26.3525779675
8.4878487849,29.5130678131
8.4888488849,26.9692370850
8.4898489849,27.5934914856
8.4908490849,26.2109336137
8.4918491849,25.5895168231
8.4928492849,25.5943618766
8.4938493849,27.7074657816
8.4948494849,28.2061766211
8.4958495850,28.1740042002
8.4968496850,27.8708578784
8.4978497850,26.8196785047
8.4988498850,26.6289595370
8.4998499850,29.0706960258
8.5008500850,27.5070555808
8.5018501850,26.3643094243
8.5028502850,28.4388876547
8.5038503850,28.5556411772
8.5048504850,27.4767131759
8.5058505851,26.3554001442
8.5068506851,28.0885728439
8.5078507851,28.5340044092
8.5088508851,29.1819781773
8.5098509851,26.7216756060
8.5108510851,27.7647152149
8.5118511851,27.8228900230
8.5128512851,27.0414453089
8.5138513851,27.7325920823
8.5148514851,27.5700236250
8.5158515852,26.7923889751
8.5168516852,28.4095633165
8.5178517852,26.9479732695
8.5188518852,27.2527423997
8.5198519852,27.2985329513
8.5208520852,26.6827604248
8.5218521852,27.3747072296
8.5228522852,26.7087097402
8.5238523852,26.9158296684
8.5248524852,26.7601790397
8.5258525853,28.8326259423
8.5268526853,26.8958797569
8.5278527853,26.3175224185
8.5288528853,26.6200955768
8.5298529853,27.2379264214
8.5308530853,28.1714825007
8.5318531853,27.1514976096
8.5328532853,28.4036316663
8.5338533853,27.9926484118
8.5348534853,28.3978943844
8.5358535854,26.7148350916
8.5368536854,26.8336825522
8.5378537854,26.6344227072
8.5388538854,27.1416548501
8.5398539854,27.5969820002
8.5408540854,26.4075150037
8.5418541854,28.0174041297
8.5428542854,28.3096850812
8.5438543854,27.1742655336
8.5448544854,27.5974015003
8.5458545855,27.9519976936
8.5468546855,27.3810558582
8.5478547855,27.3491665248
8.5488548855,27.5747531147
8.5498549855,29.1248701689
8.5508550855,27.5259090551
8.5518551855,27.5676727189
8.5528552855,28.1315081891
8.5538553855,28.7852165445
8.5548554855,27.5476671787
8.5558555856,27.6891132085
8.5568556856,27.2218240357
8.5578557856,28.0258079821
8.5588558856,26.3337010047
8.5598559856,26.7492279905
8.5608560856,27.2827538774
8.5618561856,26.5404895882
8.5628562856,29.1300196729
8.5638563856,27.6861960787
8.5648564856,26.8280941198
8.5658565857,25.5623084301
8.5668566857,27.2853223875
8.5678567857,29.6962550700
8.5688568857,25.6497534319
8.5698569857,27.7273040788
8.5708570857,27.8005497312
8.5718571857,28.0345099636
8.5728572857,26.8008091418
8.5738573857,28.5049284724
8.5748574857,25.4701416682
8.5758575858,28.7394957034
8.5768576858,28.7447778315
8.5778577858,26.7814149281
8.5788578858,28.8201515714
8.5798579858,28.4556777159
8.5808580858,29.1941106321
8.5818581858,27.6849109425
8.5828582858,25.8821227606
8.5838583858,29.1321494046
8.5848584858,27.4610023236
8.5858585859,27.3839372904
8.5868586859,26.2911209115
8.5878587859,28.5771363959
8.5888588859,26.8279702589
8.5898589859,26.3081433352
8.5908590859,29.6502551249
8.5918591859,27.2295802585
8.5928592859,27.2782991807
8.5938593859,28.1773612538
8.5948594859,27.2662646081
8.5958595860,26.7894173184
8.5968596860,25.6837874851
8.5978597860,27.9145879879
8.5988598860,27.0746425344
8.5998599860,28.2972774974
8.6008600860,29.0260513279
8.6018601860,27.8497166474
8.6028602860,28.9207442352
8.6038603860,27.1080755106
8.6048604860,27.8605055878
8.6058605861,28.3077590291
8.6068606861,29.0031147659
8.6078607861,27.3608791285
8.6088608861,27.6476158453
8.6098609861,27.2402972111
8.6108610861,27.8949810023
8.6118611861,28.9311356734
8.6128612861,26.8789812796
8.6138613861,26.2345592508
8.6148614861,26.3514389469
8.6158615862,29.1047102754
8.6168616862,27.8045541145
8.6178617862,28.6960297200
8.6188618862,28.4629930826
8.6198619862,27.0734223486
8.6208620862,28.2179966240
8.6218621862,27.3275152172
8.6228622862,28.1081499412
8.6238623862,27.3587989528
8.6248624862,27.1605563689
8.6258625863,30.2318506467
8.6268626863,30.2943852089
8.6278627863,28.1334128892
8.6288628863,26.9713052292
8.6298629863,29.1316677735
8.6308630863,29.4603485454
8.6318631863,26.9370578392
8.6328632863,27.3231316553
8.6338633863,27.9464489100
8.6348634863,27.7286191103
8.6358635864,25.9631749767
8.6368636864,28.3299799214
8.6378637864,26.7884986181
8.6388638864,27.7323772442
8.6398639864,27.9298622024
8.6408640864,27.0551898597
8.6418641864,26.1819415069
8.6428642864,27.2182670394
8.6438643864,28.1729839086
8.6448644864,26.6482034632
8.6458645865,29.3559376947
8.6468646865,28.2224469067
8.6478647865,28.1702872048
8.6488648865,27.2933909675
8.6498649865,26.4814640146
8.6508650865,29.3491080723
8.6518651865,30.9647160479
8.6528652865,27.9638177759
8.6538653865,27.0617330735
8.6548654865,26.9631892654
8.6558655866,25.5784658011
8.6568656866,28.0891994503
8.6578657866,23.9032532698
8.6588658866,29.6836850414
8.6598659866,27.0895087736
8.6608660866,25.2909426732
8.6618661866,29.3178697188
8.6628662866,28.7113884190
8.6638663866,29.0167657516
8.6648664866,28.3847047985
8.6658665867,26.0490780571
8.6668666867,27.9960132996
8.6678667867,27.8240594796
8.6688668867,28.1176416818
8.6698669867,26.2127804168
8.6708670867,27.8475041601
8.6718671867,28.0264549473
8.6728672867,28.7170627330
8.6738673867,28.0826652556
8.6748674867,27.4169014941
8.6758675868,28.8284494777
8.6768676868,28.4084057104
8.6778677868,27.9670503065
8.6788678868,25.7724154993
8.6798679868,28.2609536401
8.6808680868,29.2923617837
8.6818681868,27.3320357204
8.6828682868,26.3124339317
8.6838683868,27.4165221358
8.6848684868,28.3658937598
8.6858685869,26.4756295947
8.6868686869,28.1049736658
8.6878687869,27.9269268075
8.6888688869,27.1254991316
8.6898689869,26.8041946914
8.6908690869,26.1417897034
8.6918691869,28.1438496884
8.6928692869,27.6000076355
8.6938693869,26.7923132157
8.6948694869,29.2718915983
8.6958695870,27.9582579169
8.6968696870,28.5072061359
8.6978697870,28.2368677247
8.6988698870,27.8419779597
8.6998699870,26.7744343857
8.7008700870,27.6814889541
8.7018701870,28.1419714686
8.7028702870,28.4711492190
8.7038703870,27.7902695313
8.7048704870,28.0958408207
8.7058705871,26.6505226331
8.7068706871,26.1134686200
8.7078707871,27.5257415870
8.7088708871,27.6307819621
8.7098709871,29.2837079798
8.7108710871,27.1980889388
8.7118711871,28.8056144688
8.7128712871,28.8128454346
8.7138713871,27.6042372749
8.7148714871,26.6480450166
8.7158715872,29.4385781079
8.7168716872,27.8734105263
8.7178717872,29.7800507406
8.7188718872,27.1840437713
8.7198719872,28.0310410837
8.7208720872,28.2624131283
8.7218721872,27.0261346660
8.7228722872,28.1692364538
8.7238723872,27.1724594813
8.7248724872,29.1334437079
8.7258725873,28.0270515795
8.7268726873,28.1831685340
8.7278727873,28.9188160984
8.7288728873,28.5748449838
8.7298729873,27.1577629730
8.7308730873,29.8123228377
8.7318731873,27.9828908123
8.7328732873,28.2703436810
8.7338733873,28.1931959034
8.7348734873,27.9507640806
8.7358735874,28.2864193778
8.7368736874,29.8658495228
8.7378737874,28.2689173086
8.7388738874,28.2134623650
8.7398739874,28.7831787959
8.7408740874,27.9525144253
8.7418741874,26.6062285315
8.7428742874,28.9056896989
8.7438743874,27.5459083275
8.7448744874,27.3778091070
8.7458745875,29.3847229457
8.7468746875,27.9671077075
8.7478747875,27.5464072977
8.7488748875,27.2859729268
8.7498749875,28.1050229826
8.7508750875,31.3574269020
8.7518751875,27.1546218316
8.7528752875,29.0900882070
8.7538753875,29.5749810222
8.7548754875,27.2622466083
8.7558755876,29.3703605355
8.7568756876,27.6604134449
8.7578757876,28.7280588347
8.7588758876,27.3404540425
8.7598759876,26.7971681276
8.7608760876,27.8570600973
8.7618761876,28.5529277370
8.7628762876,27.4940221023
8.7638763876,27.9410296828
8.7648764876,28.6022897021
8.7658765877,27.7533043429
8.7668766877,28.0367976429
8.7678767877,27.2251585993
8.7688768877,27.9102429850
8.7698769877,27.1714093220
8.7708770877,29.1725424491
8.7718771877,29.2953539279
8.7728772877,28.4536603526
8.7738773877,28.8549132377
8.7748774877,29.2360132353
8.7758775878,28.0508368541
8.7768776878,28.9550802255
8.7778777878,28.3555326929
8.7788778878,27.6130783429
8.7798779878,29.9801725651
8.7808780878,27.0552930112
8.7818781878,30.0771168926
8.7828782878,28.0742566988
8.7838783878,30.3923599219
8.7848784878,27.6188082151
8.7858785879,28.7074388878
8.7868786879,27.9945205528
8.7878787879,28.5116836352
8.7888788879,28.5414383569
8.7898789879,26.0441904362
8.7908790879,26.4608387498
8.7918791879,28.3850507426
8.7928792879,29.7537536411
8.7938793879,27.3898927322
8.7948794879,27.9086035584
8.7958795880,30.3432062073
8.7968796880,29.2157442903
8.7978797880,27.3616505104
8.7988798880,27.0860740836
8.7998799880,28.8070424244
8.8008800880,28.5744891965
8.8018801880,25.8201918000
8.8028802880,28.9844740087
8.8038803880,28.4722644029
8.8048804880,27.8518915232
8.8058805881,27.0401020540
8.8068806881,28.6019864499
8.8078807881,29.5147970532
8.8088808881,27.8565661775
8.8098809881,29.2398227568
8.8108810881,28.4335413658
8.8118811881,29.9057471487
8.8128812881,29.1736370622
8.8138813881,27.9344239472
8.8148814881,27.5303302859
8.8158815882,27.8835014183
8.8168816882,30.1413792546
8.8178817882,27.1599264870
8.8188818882,29.0393639144
8.8198819882,28.6494176146
8.8208820882,29.9465698414
8.8218821882,27.5321885585
8.8228822882,28.4894389428
8.8238823882,28.7778550620
8.8248824882,28.3776197665
8.8258825883,28.5004984456
8.8268826883,27.1802665451
8.8278827883,27.6593163177
8.8288828883,28.5612434379
8.8298829883,28.3052307354
8.8308830883,28.8424356093
8.8318831883,28.9237144912
8.8328832883,29.4012757242
8.8338833883,28.1839269701
8.8348834883,30.4034889156
8.8358835884,29.3236129819
8.8368836884,26.3970026182
8.8378837884,28.0384120097
8.8388838884,29.0979654304
8.8398839884,29.7473357478
8.8408840884,29.4329854254
8.8418841884,28.2420885806
8.8428842884,27.7003494544
8.8438843884,27.6590473944
8.8448844884,27.9283012253
8.8458845885,27.7763147412
8.8468846885,27.0867627936
8.8478847885,28.7974068774
8.8488848885,26.8909701463
8.8498849885,30.2716931557
8.8508850885,28.5506510052
8.8518851885,29.5177660607
8.8528852885,29.0638950030
8.8538853885,27.3400839368
8.8548854885,27.9973360816
8.8558855886,28.6909917369
8.8568856886,27.7176452844
8.8578857886,28.1670259777
8.8588858886,28.0955386821
8.8598859886,27.4408176923
8.8608860886,28.2139446459
8.8618861886,28.3228664599
8.8628862886,27.4355864254
8.8638863886,28.9556039912
8.8648864886,28.5900327765
8.8658865887,30.6049357332
8.8668866887,29.4914136608
8.8678867887,29.2377724840
8.8688868887,27.7537710133
8.8698869887,30.6879797996
8.8708870887,29.5326899603
8.8718871887,28.9788980696
8.8728872887,27.7398106536
8.8738873887,29.4992068456
8.8748874887,29.0336615419
8.8758875888,28.4785240860
8.8768876888,27.9239474293
8.8778877888,29.4995345526
8.8788878888,29.2861042938
8.8798879888,27.5739520878
8.8808880888,29.7055148251
8.8818881888,27.8092223434
8.8828882888,30.5988997499
8.8838883888,28.6202355385
8.8848884888,28.7066632856
8.8858885889,29.3062900223
8.8868886889,30.0739967520
8.8878887889,26.7618778647
8.8888888889,28.7744925380
8.8898889889,28.3996749934
8.8908890889,28.2294661727
8.8918891889,29.5390513269
8.8928892889,29.2466771984
8.8938893889,26.3064781906
8.8948894889,28.8966130016
8.8958895890,27.0866955542
8.8968896890,28.2262199099
8.8978897890,29.3151005025
8.8988898890,29.0567924571
8.8998899890,29.7044977421
8.9008900890,29.9455278033
8.9018901890,29.4590106793
8.9028902890,30.1864538230
8.9038903890,28.7334999552
8.9048904890,29.2161518540
8.9058905891,29.8946437986
8.9068906891,28.7864044675
8.9078907891,28.2674780251
8.9088908891,30.3218311029
8.9098909891,28.1128762873
8.9108910891,28.3285276989
8.9118911891,29.0490065460
8.9128912891,29.9182092477
8.9138913891,28.5517725832
8.9148914891,27.1290292558
8.9158915892,27.6086290861
8.9168916892,28.3530662852
8.9178917892,27.7403775792
8.9188918892,28.8533707535
8.9198919892,28.2372586980
8.9208920892,27.7384999089
8.9218921892,29.4867049982
8.9228922892,26.4845235437
8.9238923892,28.1771670143
8.9248924892,29.2132876045
8.9258925893,29.5536443432
8.9268926893,29.2683437783
8.9278927893,29.9999110241
8.9288928893,28.4234276145
8.9298929893,29.1725406320
8.9308930893,28.0601507752
8.9318931893,28.1043724569
8.9328932893,29.5115345125
8.9338933893,29.2549455286
8.9348934893,29.5026101969
8.9358935894,28.4780431097
8.9368936894,29.6081186232
8.9378937894,28.7673016777
8.9388938894,30.2699368203
8.9398939894,29.7431337893
8.9408940894,28.1242849410
8.9418941894,29.5336953047
8.9428942894,27.3378391078
8.9438943894,27.1631853522
8.9448944894,28.7240443330
8.9458945895,29.0243187783
8.9468946895,27.6725037781
8.9478947895,28.4231470810
8.9488948895,29.2394000462
8.9498949895,28.0824475303
8.9508950895,28.8762659515
8.9518951895,28.9684427852
8.9528952895,29.7518651149
8.9538953895,29.2429795930
8.9548954895,28.1014372602
8.9558955896,28.4260017189
8.9568956896,29.4588218472
8.9578957896,29.8293623905
8.9588958896,28.9447922758
8.9598959896,28.6149210871
8.9608960896,30.2927969189
8.9618961896,27.8514074822
8.9628962896,27.8714752522
8.9638963896,29.1702682172
8.9648964896,29.4362203620
8.9658965897,29.1888053911
8.9668966897,28.6717248859
8.9678967897,28.7604224704
8.9688968897,30.5088525021
8.9698969897,29.3130377915
8.9708970897,30.0101682090
8.9718971897,28.9989904715
8.9728972897,28.9119980995
8.9738973897,27.4685264008
8.9748974897,29.7450407922
8.9758975898,29.9003516582
8.9768976898,28.6454870663
8.9778977898,28.2493311063
8.9788978898,29.6631497889
8.9798979898,28.2271359016
8.9808980898,29.1636596317
8.9818981898,29.4132833599
8.9828982898,30.1293525663
8.9838983898,29.5007614805
8.9848984898,26.8580449212
8.9858985899,26.1273361646
8.9868986899,29.9925777551
8.9878987899,28.4334276600
8.9888988899,27.6537267338
8.9898989899,28.6641668459
8.9908990899,28.7403417235
8.9918991899,30.7449640790
8.9928992899,27.5920887353
8.9938993899,31.2326069181
8.9948994899,29.4184526169
8.9958995900,30.3611820855
8.9968996900,27.4183566020
8.9978997900,30.0828160120
8.9988998900,31.1282031386
8.9998999900,30.5184021726
9.0009000900,28.5469096548
9.0019001900,27.6184698271
9.0029002900,28.4783358978
9.0039003900,29.2162957231
9.0049004900,30.2989998239
9.0059005901,30.0343265994
9.0069006901,31.0046195117
9.0079007901,29.6969679301
9.0089008901,30.2178208543
9.0099009901,29.5057395258
9.0109010901,30.0155450352
9.0119011901,30.0276620560
9.0129012901,29.7772477598
9.0139013901,29.4770623632
9.0149014901,28.8069346939
9.0159015902,30.3684685461
9.0169016902,28.9906273321
9.0179017902,29.5737427520
9.0189018902,27.6761499956
9.0199019902,27.4389211746
9.0209020902,29.7378790918
9.0219021902,28.8057529502
9.0229022902,30.2757984457
9.0239023902,28.4188001961
9.0249024902,28.6396566907
9.0259025903,29.2238102283
9.0269026903,29.4191843364
9.0279027903,27.8645051001
9.0289028903,27.6882414470
9.0299029903,29.1694263459
9.0309030903,28.1493116803
9.0319031903,27.7691954348
9.0329032903,28.1036631782
9.0339033903,28.2862146351
9.0349034903,29.8765742028
9.0359035904,29.5099159488
9.0369036904,28.5177746402
9.0379037904,29.4856237345
9.0389038904,29.6840293049
9.0399039904,29.3517149954
9.0409040904,29.8252905293
9.0419041904,28.9158221175
9.0429042904,28.4614642256
9.0439043904,29.7214675627
9.0449044904,29.9992491390
9.0459045905,29.1884057630
9.0469046905,28.6064362575
9.0479047905,29.0261326075
9.0489048905,31.6210431126
9.0499049905,28.5274337799
9.0509050905,28.9206657408
9.0519051905,30.6847667664
9.0529052905,29.0894886024
9.0539053905,29.3955914599
9.0549054905,29.0785452957
9.0559055906,28.1628093981
9.0569056906,28.6614528266
9.0579057906,29.9051979778
9.0589058906,29.3895209752
9.0599059906,28.5795446412
9.0609060906,29.2526898166
9.0619061906,28.8070322692
9.0629062906,31.0917130154
9.0639063906,29.0864881571
9.0649064906,30.5930523824
9.0659065907,29.4300936686
9.0669066907,29.2602547322
9.0679067907,30.1813455547
9.0689068907,31.5335650508
9.0699069907,30.5743261478
9.0709070907,29.9393857903
9.0719071907,29.4396743556
9.0729072907,31.0326476609
9.0739073907,28.7020001585
9.0749074907,29.1448848773
9.0759075908,28.1592561711
9.0769076908,29.2870492087
9.0779077908,28.1932106953
9.0789078908,28.4723338483
9.0799079908,30.8749234001
9.0809080908,28.6587236978
9.0819081908,28.4183962540
9.0829082908,28.4326471153
9.0839083908,29.6370705521
9.0849084908,29.7950090458
9.0859085909,28.8174924745
9.0869086909,30.1520790382
9.0879087909,28.2234989319
9.0889088909,29.5684636582
9.0899089909,29.0418752925
9.0909090909,28.4412107910
9.0919091909,29.7646079387
9.0929092909,28.7154651256
9.0939093909,29.7850624733
9.0949094909,30.8327432185
9.0959095910,28.4270130093
9.0969096910,28.9575690152
9.0979097910,28.7310187200
9.0989098910,29.8050226807
9.0999099910,28.1611945986
9.1009100910,29.8079211368
9.1019101910,29.0701537287
9.1029102910,28.5201698130
9.1039103910,30.3117348244
9.1049104910,28.7858647640
9.1059105911,30.8899678725
9.1069106911,30.2639055162
9.1079107911,30.7060710864
9.1089108911,28.8421542443
9.1099109911,29.4274703827
9.1109110911,29.1104747911
9.1119111911,29.9359924629
9.1129112911,28.6373685550
9.1139113911,28.7240370646
9.1149114911,28.2483795957
9.1159115912,31.0386136845
9.1169116912,30.1326429126
9.1179117912,30.0573309623
9.1189118912,28.0023468307
9.1199119912,30.6293310809
9.1209120912,30.4183441713
9.1219121912,29.6814554725
9.1229122912,30.7123807435
9.1239123912,26.3555528004
9.1249124912,29.3009400739
9.1259125913,29.1431320588
9.1269126913,27.8312392936
9.1279127913,27.5101446078
9.1289128913,28.1495820195
9.1299129913,30.1904732863
9.1309130913,30.2323930876
9.1319131913,30.5408278187
9.1329132913,27.9347287267
9.1339133913,31.4407892569
9.1349134913,28.0992456068
9.1359135914,30.4533849276
9.1369136914,28.9374397466
9.1379137914,28.4665446325
9.1389138914,29.6988125355
9.1399139914,30.4771556928
9.1409140914,30.6048403303
9.1419141914,29.2761528356
9.1429142914,29.1896114980
9.1439143914,29.0443561262
9.1449144914,28.9568883913
9.1459145915,30.3777230899
9.1469146915,28.0025367239
9.1479147915,28.6328981885
9.1489148915,29.3688222017
9.1499149915,28.2474933038
9.1509150915,30.0359286363
9.1519151915,30.0651639277
9.1529152915,29.3762020061
9.1539153915,28.2293107470
9.1549154915,29.6199855431
9.1559155916,27.9394460880
9.1569156916,29.6051054870
9.1579157916,29.7377730689
9.1589158916,31.5817418933
9.1599159916,30.1330694547
9.1609160916,28.6083911429
9.1619161916,29.5611979633
9.1629162916,30.1735244057
9.1639163916,29.2829902012
9.1649164916,29.4588998355
9.1659165917,29.2149784305
9.1669166917,28.1592025000
9.1679167917,30.1510000639
9.1689168917,30.2058271921
9.1699169917,29.9517261455
9.1709170917,29.4935628535
9.1719171917,29.6085718110
9.1729172917,29.4196932658
9.1739173917,30.1729138275
9.1749174917,29.9007610576
9.1759175918,29.0928808259
9.1769176918,30.0604348721
9.1779177918,30.6293512478
9.1789178918,30.1693442051
9.1799179918,29.1744223408
9.1809180918,29.8067981113
9.1819181918,30.1636591905
9.1829182918,29.2187348705
9.1839183918,30.6577758801
9.1849184918,29.9262476002
9.1859185919,30.2234733707
9.1869186919,31.9093878334
9.1879187919,28.4852457052
9.1889188919,28.4134411504
9.1899189919,28.9300100463
9.1909190919,29.3879383202
9.1919191919,28.6879628221
9.1929192919,29.2273972515
9.1939193919,30.4525237722
9.1949194919,27.9475216072
9.1959195920,27.9586592091
9.1969196920,30.7095401492
9.1979197920,30.1407590316
9.1989198920,29.3875080833
9.1999199920,29.3977209299
9.2009200920,31.1311849621
9.2019201920,30.9689739651
9.2029202920,27.8960840855
9.2039203920,30.3955035775
9.2049204920,30.3815079404
9.2059205921,28.8109517560
9.2069206921,29.1398517861
9.2079207921,28.9693349881
9.2089208921,31.3227557684
9.2099209921,28.4053665601
9.2109210921,29.1126599106
9.2119211921,28.6235904399
9.2129212921,28.2163275866
9.2139213921,28.3460785595
9.2149214921,31.0445317140
9.2159215922,28.4452916109
9.2169216922,31.3343815776
9.2179217922,29.2102212264
9.2189218922,30.8800481159
9.2199219922,29.5907402183
9.2209220922,30.7986921976
9.2219221922,29.3576330002
9.2229222922,28.7761590151
9.2239223922,29.6711201177
9.2249224922,29.4544632476
9.2259225923,28.7466157624
9.2269226923,29.6718807575
9.2279227923,29.7457742452
9.2289228923,28.8763979217
9.2299229923,30.5726022466
9.2309230923,28.9346482834
9.2319231923,29.6379550611
9.2329232923,28.7338597407
9.2339233923,29.7543585145
9.2349234923,28.3168867370
9.2359235924,31.2499383077
9.2369236924,28.8720516889
9.2379237924,29.2801455946
9.2389238924,29.6326957089
9.2399239924,30.6712920703
9.2409240924,30.7133096068
9.2419241924,30.9359319640
9.2429242924,29.5246227313
9.2439243924,27.6092401795
9.2449244924,29.4474383110
9.2459245925,29.6542418576
9.2469246925,29.4984326440
9.2479247925,30.0749512910
9.2489248925,28.6621676924
9.2499249925,29.2668499946
9.2509250925,30.5485655856
9.2519251925,30.4409034335
9.2529252925,29.5782115348
9.2539253925,29.8915286039
9.2549254925,30.8315278343
9.2559255926,29.3587042784
9.2569256926,29.1937410215
9.2579257926,29.6633223805
9.2589258926,28.4938679420
9.2599259926,29.9665836106
9.2609260926,29.5860432889
9.2619261926,30.7085463828
9.2629262926,30.2081193579
9.2639263926,31.3616384981
9.2649264926,30.4616552772
9.2659265927,29.0635556238
9.2669266927,30.2486911647
9.2679267927,29.5167769316
9.2689268927,28.7270295216
9.2699269927,29.3578687656
9.2709270927,28.5879393167
9.2719271927,30.1257458497
9.2729272927,30.3334289456
9.2739273927,29.6482341551
9.2749274927,30.5328667172
9.2759275928,29.5498030625
9.2769276928,30.2110130166
9.2779277928,30.5728859000
9.2789278928,29.2332520459
9.2799279928,30.4107648410
9.2809280928,29.4901326978
9.2819281928,28.1876637719
9.2829282928,30.1222708234
9.2839283928,29.3110121386
9.2849284928,28.1662225703
9.2859285929,28.4450624205
9.2869286929,28.5325622720
9.2879287929,32.0288460207
9.2889288929,29.2289851826
9.2899289929,30.0125313059
9.2909290929,30.4831076256
9.2919291929,29.3922503841
9.2929292929,28.5245878826
9.2939293929,31.4517347499
9.2949294929,31.2581680988
9.2959295930,27.8053851488
9.2969296930,29.6963692456
9.2979297930,29.2382075067
9.2989298930,30.8226552680
9.2999299930,29.9280218180
9.3009300930,28.8415124903
9.3019301930,30.7185888660
9.3029302930,28.9584427622
9.3039303930,29.8498529301
9.3049304930,30.1027176865
9.3059305931,30.1921332698
9.3069306931,28.3519167804
9.3079307931,31.2374610669
9.3089308931,30.3238972702
9.3099309931,31.9861714061
9.3109310931,28.9470255866
9.3119311931,30.3008499709
9.3129312931,32.2103644527
9.3139313931,31.0281573109
9.3149314931,28.3745425696
9.3159315932,29.7231529219
9.3169316932,29.1988361128
9.3179317932,30.2244046743
9.3189318932,27.7774704763
9.3199319932,30.0684729954
9.3209320932,30.8059107252
9.3219321932,30.7038525874
9.3229322932,29.3603998861
9.3239323932,29.7435148697
9.3249324932,29.0359585463
9.3259325933,29.0197112464
9.3269326933,31.1842848453
9.3279327933,31.2427524804
9.3289328933,32.1709582236
9.3299329933,31.7590799657
9.3309330933,29.2383964377
9.3319331933,29.5837612944
9.3329332933,30.0655663471
9.3339333933,30.1574839746
9.3349334933,29.5680655356
9.3359335934,30.3405363635
9.3369336934,28.6232972486
9.3379337934,28.9114365331
9.3389338934,30.6381305759
9.3399339934,29.9534119803
9.3409340934,30.9766203833
9.3419341934,31.2099190881
9.3429342934,30.6795203352
9.3439343934,30.9751451131
9.3449344934,30.8404923796
9.3459345935,29.4012863244
9.3469346935,29.8260062067
9.3479347935,30.5845847639
9.3489348935,30.8259941347
9.3499349935,29.8749697450
9.3509350935,29.1126262947
9.3519351935,29.3456789602
9.3529352935,31.8408028918
9.3539353935,28.4034716333
9.3549354935,29.6894422398
9.3559355936,30.1987706451
9.3569356936,31.8920023213
9.3579357936,29.5894668313
9.3589358936,30.0127620170
9.3599359936,29.8882332125
9.3609360936,30.2034632557
9.3619361936,29.1267292337
9.3629362936,29.9173248627
9.3639363936,29.6682782178
9.3649364936,29.3666353447
9.3659365937,31.6520150451
9.3669366937,30.2259259869
9.3679367937,30.0204464996
9.3689368937,29.6017495901
9.3699369937,31.3425393560
9.3709370937,29.2428596279
9.3719371937,29.6551751280
9.3729372937,31.7258201650
9.3739373937,30.3318788281
9.3749374937,29.9164930015
9.3759375938,28.9182782057
9.3769376938,29.8559168004
9.3779377938,31.4777579980
9.3789378938,31.5863052489
9.3799379938,30.8335202587
9.3809380938,30.9086025317
9.3819381938,30.1099041518
9.3829382938,31.8190300859
9.3839383938,28.3210547011
9.3849384938,28.8170834024
9.3859385939,31.7018003723
9.3869386939,29.9624043143
9.3879387939,32.1113908410
9.3889388939,30.1123669826
9.3899389939,28.8552911733
9.3909390939,31.6543316456
9.3919391939,27.9587665241
9.3929392939,28.3829670055
9.3939393939,30.1150768113
9.3949394939,30.9117793048
9.3959395940,28.7912116704
9.3969396940,28.7267160613
9.3979397940,29.8750179583
9.3989398940,29.4018997995
9.3999399940,31.5789295327
9.4009400940,32.7553536965
9.4019401940,30.0184355421
9.4029402940,30.4301689589
9.4039403940,30.7422222246
9.4049404940,31.4320531109
9.4059405941,29.8877188440
9.4069406941,31.1064413732
9.4079407941,30.5511947108
9.4089408941,29.6317284054
9.4099409941,30.6037661357
9.4109410941,29.9240347977
9.4119411941,28.8547208502
9.4129412941,30.3008381466
9.4139413941,29.4295482927
9.4149414941,30.7369307143
9.4159415942,29.8738895732
9.4169416942,30.0878313786
9.4179417942,31.2524222035
9.4189418942,30.1879454252
9.4199419942,30.4190082369
9.4209420942,29.7894815991
9.4219421942,31.5114529963
9.4229422942,30.1404020181
9.4239423942,30.1443508643
9.4249424942,29.1004810822
9.4259425943,30.9377711886
9.4269426943,31.3201667041
9.4279427943,29.9783371685
9.4289428943,30.6040915271
9.4299429943,29.1804261911
9.4309430943,31.9975065197
9.4319431943,30.2603394354
9.4329432943,29.3564606352
9.4339433943,31.2520130097
9.4349434943,28.2576535193
9.4359435944,30.8700023856
9.4369436944,30.8788504090
9.4379437944,30.6020629512
9.4389438944,27.9553001664
9.4399439944,29.7679191910
9.4409440944,30.1102336456
9.4419441944,30.6086495697
9.4429442944,30.9495053269
9.4439443944,30.0629530752
9.4449444944,29.9512611713
9.4459445945,30.2279793146
9.4469446945,30.4271747937
9.4479447945,30.8228004384
9.4489448945,30.5607456744
9.4499449945,30.7174700311
9.4509450945,30.7755832816
9.4519451945,30.7944833755
9.4529452945,31.7115798552
9.4539453945,31.2296376921
9.4549454945,30.5562143978
9.4559455946,31.9317441540
9.4569456946,29.2099967374
9.4579457946,29.5786438205
9.4589458946,29.5825065270
9.4599459946,30.0456428319
9.4609460946,30.7973697382
9.4619461946,32.1189984951
9.4629462946,31.8763697313
9.4639463946,30.1952449901
9.4649464946,29.9288954340
9.4659465947,30.1805894070
9.4669466947,30.1259691359
9.4679467947,31.4336286874
9.4689468947,30.0736174754
9.4699469947,30.7417980715
9.4709470947,33.2584405178
9.4719471947,29.5513146276
9.4729472947,29.0216082574
9.4739473947,28.9551242239
9.4749474947,29.5261080647
9.4759475948,31.5124698446
9.4769476948,29.6990379417
9.4779477948,29.3608661737
9.4789478948,30.4783761519
9.4799479948,31.2486930040
9.4809480948,31.3089444673
9.4819481948,29.1828815389
9.4829482948,29.1921351023
9.4839483948,32.3942051743
9.4849484948,28.1670783634
9.4859485949,31.0288101568
9.4869486949,30.0796996209
9.4879487949,29.9806657929
9.4889488949,30.4645314110
9.4899489949,30.9959543241
9.4909490949,30.6840238738
9.4919491949,28.9732517409
9.4929492949,32.2909285694
9.4939493949,31.0925793279
9.4949494949,30.2907987915
9.4959495950,30.3285228577
9.4969496950,29.4231692864
9.4979497950,29.2402630870
9.4989498950,29.1667272883
9.4999499950,29.8058516423
9.5009500950,30.8535877971
9.5019501950,30.3685697039
9.5029502950,29.3729502775
9.5039503950,29.4023669305
9.5049504950,29.5297648918
9.5059505951,31.9250240911
9.5069506951,30.4261543362
9.5079507951,31.2502673113
9.5089508951,31.6336335037
9.5099509951,31.6553079466
9.5109510951,30.0873942274
9.5119511951,29.4155893401
9.5129512951,30.0056021234
9.5139513951,29.2260764631
9.5149514951,30.8897997321
9.5159515952,30.4478268235
9.5169516952,29.9347152506
9.5179517952,28.8793747380
9.5189518952,29.6689548412
9.5199519952,30.9673163036
9.5209520952,30.4036135877
9.5219521952,30.6913211655
9.5229522952,31.0581870875
9.5239523952,28.2172465842
9.5249524952,30.3025285414
9.5259525953,28.9606727747
9.5269526953,31.3300719800
9.5279527953,32.6995121469
9.5289528953,30.4130778097
9.5299529953,29.5478288995
9.5309530953,30.8763945526
9.5319531953,31.6739346790
9.5329532953,30.5714830605
9.5339533953,32.9052698389
9.5349534953,31.0742848680
9.5359535954,29.8114155323
9.5369536954,31.8976040119
9.5379537954,31.0222333504
9.5389538954,31.1061315226
9.5399539954,32.3869527944
9.5409540954,29.7893795161
9.5419541954,31.1805267825
9.5429542954,29.8740092841
9.5439543954,29.4954964317
9.5449544954,30.4967745426
9.5459545955,31.0268240908
9.5469546955,31.0524373094
9.5479547955,30.0297461763
9.5489548955,32.2787365092
9.5499549955,33.1582962340
9.5509550955,29.7500469190
9.5519551955,31.4313794407
9.5529552955,30.9987979365
9.5539553955,31.4953371476
9.5549554955,29.2280457774
9.5559555956,30.6656874590
9.5569556956,30.0725307898
9.5579557956,30.2558468509
9.5589558956,32.5549740400
9.5599559956,31.1746694193
9.5609560956,32.2971818570
9.5619561956,29.8665019797
9.5629562956,30.0277293754
9.5639563956,31.0417672553
9.5649564956,30.7594135332
9.5659565957,30.5989268013
9.5669566957,31.1206215809
9.5679567957,30.7378984462
9.5689568957,30.6354413792
9.5699569957,30.9864168234
9.5709570957,32.9323276384
9.5719571957,32.0684883692
9.5729572957,29.6636780170
9.5739573957,31.4367860942
9.5749574957,30.2497062016
9.5759575958,30.9066992148
9.5769576958,29.3661682529
9.5779577958,29.9391524567
9.5789578958,29.7608553207
9.5799579958,31.3003901353
9.5809580958,31.4824990679
9.5819581958,30.9812274690
9.5829582958,31.3708381590
9.5839583958,33.4306006056
9.5849584958,31.6020117647
9.5859585959,29.1165592447
9.5869586959,29.6981607347
9.5879587959,29.7448592031
9.5889588959,30.2075468149
9.5899589959,31.9673591298
9.5909590959,30.4574339653
9.5919591959,29.9952886778
9.5929592959,30.7969762927
9.5939593959,30.3112242702
9.5949594959,29.5460846898
9.5959595960,30.5965583717
9.5969596960,30.2634923572
9.5979597960,31.9447420796
9.5989598960,31.5587542550
9.5999599960,30.9535702111
9.6009600960,33.5149236198
9.6019601960,30.1301464956
9.6029602960,31.1895646489
9.6039603960,29.6447824896
9.6049604960,30.5327287491
9.6059605961,29.3186538233
9.6069606961,32.7002900268
9.6079607961,30.0668616561
9.6089608961,32.1966437757
9.6099609961,30.8234740947
9.6109610961,31.4824638423
9.6119611961,30.3553047751
9.6129612961,31.3877458106
9.6139613961,31.9586411645
9.6149614961,31.8194302511
9.6159615962,30.0335922264
9.6169616962,30.4354152515
9.6179617962,31.9700214387
9.6189618962,29.3592513502
9.6199619962,30.5989850843
9.6209620962,31.0184989478
9.6219621962,31.8294803469
9.6229622962,31.4931513243
9.6239623962,30.2399310488
9.6249624962,32.4249808915
9.6259625963,29.9698533546
9.6269626963,32.3884456993
9.6279627963,31.6810166010
9.6289628963,30.2635882103
9.6299629963,29.9794858659
9.6309630963,29.8937602881
9.6319631963,30.1223941371
9.6329632963,32.3376170950
9.6339633963,30.2490722211
9.6349634963,30.6262031068
9.6359635964,31.1861291294
9.6369636964,30.1980767114
9.6379637964,30.4903969904
9.6389638964,30.9698929736
9.6399639964,29.8820556153
9.6409640964,31.2453947686
9.6419641964,29.7164989591
9.6429642964,30.9535460722
9.6439643964,30.1588424785
9.6449644964,30.7343982287
9.6459645965,30.5232388428
9.6469646965,32.0425615854
9.6479647965,31.2272154919
9.6489648965,30.1895551792
9.6499649965,30.9672361786
9.6509650965,31.2013981666
9.6519651965,31.3666100339
9.6529652965,31.7016650513
9.6539653965,30.1099795498
9.6549654965,31.6523175461
9.6559655966,30.9905113152
9.6569656966,30.7080406212
9.6579657966,31.0732105547
9.6589658966,29.4099486642
9.6599659966,31.1700867267
9.6609660966,31.1745242152
9.6619661966,30.9201050936
9.6629662966,29.6299651046
9.6639663966,31.5295865284
9.6649664966,29.9085984876
9.6659665967,32.3668961847
9.6669666967,32.2941008373
9.6679667967,32.0856329745
9.6689668967,30.6894597486
9.6699669967,29.0336611877
9.6709670967,29.3702898546
9.6719671967,29.8297742679
9.6729672967,31.3598907072
9.6739673967,31.2325063432
9.6749674967,33.1485623851
9.6759675968,32.1610109649
9.6769676968,30.7568027595
9.6779677968,31.4570349960
9.6789678968,32.6066149181
9.6799679968,30.4607935345
9.6809680968,30.7282441394
9.6819681968,31.9565415998
9.6829682968,29.5506411334
9.6839683968,30.9012543953
9.6849684968,30.8999085931
9.6859685969,30.5195470383
9.6869686969,28.9731825765
9.6879687969,31.8623052867
9.6889688969,30.5582070765
9.6899689969,30.9139262598
9.6909690969,31.8635072028
9.6919691969,32.4537011719
9.6929692969,30.3625533550
9.6939693969,31.1875008856
9.6949694969,33.5548110740
9.6959695970,32.4144053014
9.6969696970,31.2608812253
9.6979697970,30.0132815855
9.6989698970,29.2520603554
9.6999699970,32.0885088653
9.7009700970,33.1684263392
9.7019701970,29.0294894325
9.7029702970,30.3013204109
9.7039703970,30.6580609331
9.7049704970,30.2414134284
9.7059705971,30.6506008444
9.7069706971,28.8505854592
9.7079707971,31.1282654409
9.7089708971,31.6160742927
9.7099709971,30.6466528420
9.7109710971,32.1500589725
9.7119711971,33.2740882686
9.7129712971,29.2363847318
9.7139713971,29.1574204223
9.7149714971,31.8002086663
9.7159715972,31.1125894787
9.7169716972,32.9147695165
9.7179717972,32.7135111896
9.7189718972,32.0903934541
9.7199719972,31.2632660345
9.7209720972,29.5978296607
9.7219721972,30.4364043612
9.7229722972,30.4397473010
9.7239723972,31.4858781652
9.7249724972,29.8881738337
9.7259725973,30.1502578564
9.7269726973,31.6242167643
9.7279727973,31.7105978809
9.7289728973,30.6198518916
9.7299729973,30.1999526378
9.7309730973,30.8041526558
9.7319731973,30.4759525073
9.7329732973,29.8285429697
9.7339733973,29.1804913594
9.7349734973,31.4426143598
9.7359735974,31.4783261675
9.7369736974,32.0336960596
9.7379737974,30.2662969034
9.7389738974,29.5957605131
9.7399739974,30.8279807546
9.7409740974,33.5783814812
9.7419741974,32.3202680039
9.7429742974,33.0092457162
9.7439743974,31.4684592723
9.7449744974,28.8551401389
9.7459745975,31.3721134563
9.7469746975,30.2604222700
9.7479747975,31.1626776810
9.7489748975,31.6209081706
9.7499749975,28.2758303820
9.7509750975,30.9681217889
9.7519751975,31.0040048220
9.7529752975,30.7092936099
9.7539753975,31.9451466382
9.7549754975,30.4139543227
9.7559755976,30.9005297392
9.7569756976,32.8574502157
9.7579757976,31.1631647308
9.7589758976,31.3554910593
9.7599759976,31.1135452103
9.7609760976,31.4176810024
9.7619761976,31.0240946275
9.7629762976,31.7408775689
9.7639763976,31.4530175201
9.7649764976,30.5198353711
9.7659765977,31.8187984998
9.7669766977,29.9023291582
9.7679767977,32.2450879819
9.7689768977,29.9868900173
9.7699769977,32.2165847399
9.7709770977,31.1059101060
9.7719771977,29.9587121156
9.7729772977,30.2546758769
9.7739773977,32.6379500823
9.7749774977,32.2531702937
9.7759775978,31.2332672225
9.7769776978,30.8547099726
9.7779777978,32.8782022399
9.7789778978,30.3720172938
9.7799779978,30.6458482850
9.7809780978,32.3605483527
9.7819781978,29.5808950782
9.7829782978,30.5624696934
9.7839783978,30.7564850630
9.7849784978,31.1566918916
9.7859785979,30.6380791360
9.7869786979,30.0197181144
9.7879787979,31.7521048929
9.7889788979,32.4819658311
9.7899789979,29.3571795918
9.7909790979,31.6784866971
9.7919791979,30.2060743825
9.7929792979,32.8614231824
9.7939793979,31.1136959849
9.7949794979,31.7166513460
9.7959795980,30.6966028958
9.7969796980,31.9471263754
9.7979797980,32.0963527798
9.7989798980,31.9091643749
9.7999799980,31.3511452372
9.8009800980,32.4116891743
9.8019801980,31.9267717408
9.8029802980,30.3564577877
9.8039803980,31.1986826084
9.8049804980,31.6980753864
9.8059805981,31.6718807482
9.8069806981,30.9333753717
9.8079807981,31.7256864348
9.8089808981,30.4549532127
9.8099809981,31.4776005563
9.8109810981,30.9400685591
9.8119811981,30.8906568258
9.8129812981,32.9923912589
9.8139813981,31.4205515040
9.8149814981,30.7821055390
9.8159815982,31.9209373379
9.8169816982,29.6956005867
9.8179817982,31.7748863302
9.8189818982,33.0555686043
9.8199819982,31.2356757264
9.8209820982,30.1507724527
9.8219821982,31.6845250952
9.8229822982,31.7261699169
9.8239823982,29.9503345272
9.8249824982,32.2380156009
9.8259825983,31.9865177995
9.8269826983,30.9757469114
9.8279827983,30.2701197521
9.8289828983,31.2169525993
9.8299829983,31.7161058666
9.8309830983,32.7689083615
9.8319831983,31.3603704296
9.8329832983,32.4439189728
9.8339833983,31.0589413412
9.8349834983,31.7517686524
9.8359835984,31.4602178987
9.8369836984,32.7436339771
9.8379837984,31.3410985116
9.8389838984,30.5471907813
9.8399839984,33.0398943489
9.8409840984,31.2005128808
9.8419841984,31.1415604228
9.8429842984,30.1599738797
9.8439843984,32.1396445720
9.8449844984,30.9671404179
9.8459845985,33.9870078623
9.8469846985,32.1595363935
9.8479847985,30.4944184187
9.8489848985,32.9103344350
9.8499849985,32.1801327720
9.8509850985,31.3643506742
9.8519851985,31.7662745125
9.8529852985,30.4060198798
9.8539853985,31.4242905928
9.8549854985,31.3101324360
9.8559855986,32.0310008759
9.8569856986,31.6865925842
9.8579857986,32.5366224018
9.8589858986,33.2858076406
9.8599859986,31.6167176415
9.8609860986,30.0720084555
9.8619861986,30.7175219351
9.8629862986,32.1364433857
9.8639863986,31.0420017808
9.8649864986,31.3773571562
9.8659865987,29.3084911354
9.8669866987,31.7671443134
9.8679867987,31.6113142959
9.8689868987,31.0461308124
9.8699869987,32.6385678306
9.8709870987,30.9247779551
9.8719871987,30.7766581302
9.8729872987,31.4667441836
9.8739873987,30.6547093558
9.8749874987,31.2581745738
9.8759875988,31.8397914328
9.8769876988,31.1497046968
9.8779877988,32.5866896874
9.8789878988,33.2502002849
9.8799879988,30.0844642905
9.8809880988,31.8955865469
9.8819881988,31.5473715090
9.8829882988,32.9301343085
9.8839883988,30.3268666908
9.8849884988,31.3860069124
9.8859885989,31.8567156452
9.8869886989,31.7673878311
9.8879887989,32.1343943434
9.8889888989,33.5487642967
9.8899889989,30.3912844136
9.8909890989,31.8387673223
9.8919891989,31.2896658480
9.8929892989,30.8905441682
9.8939893989,31.3782598076
9.8949894989,31.6124487577
9.8959895990,30.4223694684
9.8969896990,31.7975876166
9.8979897990,32.4636955761
9.8989898990,30.5983690460
9.8999899990,32.2359627238
9.9009900990,31.3671260810
9.9019901990,30.4620382754
9.9029902990,30.7419151363
9.9039903990,30.8242363035
9.9049904990,31.4024326261
9.9059905991,30.8375930196
9.9069906991,31.8179771245
9.9079907991,31.9403097461
9.9089908991,31.3903730877
9.9099909991,32.3975487738
9.9109910991,32.9837709225
9.9119911991,32.7970232009
9.9129912991,31.5633035793
9.9139913991,32.0767315506
9.9149914991,31.2062747949
9.9159915992,31.8128106128
9.9169916992,31.0563471422
9.9179917992,31.6406781869
9.9189918992,31.9519898784
9.9199919992,31.3495156538
9.9209920992,30.3906257374
9.9219921992,33.5367652409
9.9229922992,33.0484130369
9.9239923992,30.9766975883
9.9249924992,33.3431663354
9.9259925993,32.7650950965
9.9269926993,31.0109070888
9.9279927993,31.6100617693
9.9289928993,31.4116914661
9.9299929993,32.2598000440
9.9309930993,31.9876425677
9.9319931993,31.2326659542
9.9329932993,32.2248003976
9.9339933993,32.2648781508
9.9349934993,31.3049841971
9.9359935994,31.0303496081
9.9369936994,29.4059562110
9.9379937994,33.7083584639
9.9389938994,30.4712176702
9.9399939994,31.6109143526
9.9409940994,31.4683010737
9.9419941994,31.7034247996
9.9429942994,31.4460676353
9.9439943994,32.1738614368
9.9449944994,34.1702751777
9.9459945995,33.1119741865
9.9469946995,31.1761306142
9.9479947995,32.0703901205
9.9489948995,31.3026989619
9.9499949995,32.4796785152
9.9509950995,33.0997327384
9.9519951995,31.1100673225
9.9529952995,32.7436463565
9.9539953995,31.1984775556
9.9549954995,33.3972613317
9.9559955996,32.8520308349
9.9569956996,32.0802097890
9.9579957996,31.7419486557
9.9589958996,32.6512376093
9.9599959996,29.9173311619
9.9609960996,32.0055034669
9.9619961996,31.6551507026
9.9629962996,32.6437588217
9.9639963996,31.6990954869
9.9649964996,32.6302425619
9.9659965997,32.8547547468
9.9669966997,31.7830771158
9.9679967997,32.1846149972
9.9689968997,32.5568828254
9.9699969997,30.9050958842
9.9709970997,30.0520959798
9.9719971997,32.7592698088
9.9729972997,31.8501687671
9.9739973997,32.2380948515
9.9749974997,31.6630648339
9.9759975998,30.5359364336
9.9769976998,32.0851429697
9.9779977998,32.4333023616
9.9789978998,30.8347304020
9.9799979998,31.5323604749
9.9809980998,31.5398676777
9.9819981998,32.1035470364
9.9829982998,31.6109264030
9.9839983998,32.9214892230
9.9849984998,31.1083143132
9.9859985999,30.9608907621
9.9869986999,31.9368426261
9.9879987999,31.9715463038
9.9889988999,32.4819975395
9.9899989999,30.8375251326
9.9909990999,32.3552000828
9.9919991999,32.0931020308
9.9929992999,30.9425113332
9.9939993999,31.8528109895
9.9949994999,31.4852112092
9.9959996000,33.3443532440
9.9969997000,32.5219531593
9.9979998000,33.6290172989
9.9989999000,32.3607026909
10.0000000000,32.5412849401
